t_s,rpm,u1_suction,u2_circ,u3_inlet,p_suction_kPa,p_disch_kPa,T_suction_C,T_disch_C,Q_Nm3h,vib_um
0,0,0.0,100.0,0.0,101.53,101.07,23.69,22.96,0.0,-25.05
1,22,0.1,99.9,0.2,101.57,101.20,25.42,24.22,0.0,-24.44
2,43,0.3,99.7,0.3,101.35,101.59,25.32,25.74,0.0,-23.89
3,65,0.4,99.6,0.5,101.05,100.84,24.77,25.37,0.1,-24.33
4,87,0.5,99.5,0.7,100.97,100.66,25.38,27.09,0.1,-23.76
5,108,0.7,99.3,0.8,101.87,101.86,24.29,23.65,0.2,-23.39
6,130,0.8,99.2,1.0,101.31,101.42,24.84,25.72,0.3,-23.50
7,152,0.9,99.1,1.2,101.55,101.41,24.72,23.73,0.4,-23.17
8,173,1.1,98.9,1.3,101.27,101.55,24.64,24.30,0.5,-24.74
9,195,1.2,98.8,1.5,101.07,101.26,25.60,25.59,0.6,-23.37
10,217,1.3,98.7,1.7,101.73,102.08,25.14,23.94,0.7,-22.87
11,238,1.5,98.5,1.8,101.79,101.88,25.98,25.56,0.9,-22.35
12,260,1.6,98.4,2.0,101.09,100.87,24.92,26.65,1.1,-22.71
13,282,1.7,98.3,2.2,100.35,100.70,25.28,24.64,1.2,-23.47
14,303,1.9,98.1,2.3,101.99,101.84,24.79,26.45,1.4,-23.25
15,325,2.0,98.0,2.5,101.34,101.15,25.11,23.69,1.7,-22.34
16,347,2.1,97.9,2.7,102.21,102.51,25.68,24.16,1.9,-22.84
17,368,2.3,97.7,2.8,102.00,101.73,25.50,26.25,2.2,-21.74
18,390,2.4,97.6,3.0,101.32,101.43,24.38,24.66,2.4,-22.67
19,412,2.5,97.5,3.2,101.06,101.45,24.22,23.79,2.7,-22.28
20,433,2.7,97.3,3.3,101.88,102.20,24.44,25.05,3.0,-22.02
21,455,2.8,97.2,3.5,101.02,101.73,25.04,25.95,3.3,-21.46
22,477,2.9,97.1,3.7,101.41,102.46,25.12,24.84,3.6,-22.05
23,498,3.1,96.9,3.8,101.35,101.94,25.60,25.06,3.9,-23.04
24,520,3.2,96.8,4.0,101.39,101.69,25.44,26.25,4.3,-22.50
25,542,3.3,96.7,4.2,101.22,101.30,25.23,25.27,4.6,-22.24
26,563,3.5,96.5,4.3,101.50,101.88,25.20,26.52,5.0,-22.11
27,585,3.6,96.4,4.5,101.30,102.59,24.07,25.01,5.4,-21.76
28,607,3.7,96.3,4.7,102.06,102.71,26.12,25.71,5.8,-21.26
29,628,3.9,96.1,4.8,101.02,101.74,24.86,25.23,6.3,-22.62
30,650,4.0,96.0,5.0,101.23,102.50,24.50,24.98,6.6,-19.35
31,672,4.1,95.9,5.2,100.70,101.34,25.24,26.21,7.1,-20.37
32,693,4.3,95.7,5.3,100.66,101.38,25.62,26.33,7.6,-22.21
33,715,4.4,95.6,5.5,101.86,103.40,25.28,25.81,8.0,-21.67
34,737,4.5,95.5,5.7,101.32,102.43,25.29,24.89,8.5,-21.51
35,758,4.7,95.3,5.8,100.84,102.05,23.84,23.63,9.2,-20.44
36,780,4.8,95.2,6.0,101.33,102.71,24.80,24.10,9.7,-21.00
37,802,4.9,95.1,6.2,101.70,102.98,26.67,26.83,10.2,-20.12
38,823,5.1,94.9,6.3,101.21,103.11,25.75,24.29,10.7,-20.62
39,845,5.2,94.8,6.5,101.61,102.47,23.87,21.81,11.2,-20.32
40,867,5.3,94.7,6.7,101.44,102.54,24.39,22.20,11.9,-19.97
41,888,5.5,94.5,6.8,101.70,103.33,24.90,26.78,12.3,-20.14
42,910,5.6,94.4,7.0,101.09,102.38,23.92,24.37,13.0,-19.80
43,932,5.7,94.3,7.2,101.01,102.66,25.86,26.18,13.6,-20.15
44,953,5.9,94.1,7.3,101.27,102.50,24.94,25.30,14.4,-18.63
45,975,6.0,94.0,7.5,101.71,103.18,25.33,24.27,15.0,-19.44
46,997,6.1,93.9,7.7,100.99,103.35,25.28,23.32,15.6,-19.18
47,1018,6.3,93.7,7.8,101.30,103.27,25.20,23.08,16.5,-20.10
48,1040,6.4,93.6,8.0,101.82,104.30,25.90,23.78,16.7,-18.84
49,1062,6.5,93.5,8.2,101.95,104.02,24.43,27.20,17.4,-18.81
50,1083,6.7,93.3,8.3,101.42,103.27,25.06,24.87,18.2,-18.26
51,1105,6.8,93.2,8.5,101.43,104.13,24.59,25.23,19.1,-18.85
52,1127,6.9,93.1,8.7,101.56,103.83,24.53,27.05,20.0,-18.39
53,1148,7.1,92.9,8.8,101.05,103.14,25.62,25.86,20.7,-18.48
54,1170,7.2,92.8,9.0,101.55,103.93,25.38,25.60,21.7,-18.15
55,1192,7.3,92.7,9.2,101.25,103.51,24.53,24.09,22.6,-19.13
56,1213,7.5,92.5,9.3,101.28,104.36,26.14,26.64,23.1,-19.36
57,1235,7.6,92.4,9.5,101.27,103.52,24.87,25.70,23.8,-18.60
58,1257,7.7,92.3,9.7,101.00,104.33,24.92,24.43,25.1,-18.44
59,1278,7.9,92.1,9.8,101.03,104.06,25.36,26.78,25.6,-17.27
60,1300,8.0,92.0,10.0,101.75,104.50,24.80,26.78,26.6,-17.51
61,1322,8.1,91.9,10.2,100.82,104.08,24.68,24.13,27.6,-18.28
62,1343,8.3,91.7,10.3,100.45,103.75,25.09,24.96,28.6,-17.16
63,1365,8.4,91.6,10.5,101.06,104.15,25.35,24.12,29.2,-17.87
64,1387,8.5,91.5,10.7,101.33,104.79,25.02,26.99,30.2,-17.43
65,1408,8.7,91.3,10.8,100.82,104.54,25.26,27.64,31.2,-17.91
66,1430,8.8,91.2,11.0,101.28,104.87,25.01,23.60,32.4,-16.86
67,1452,8.9,91.1,11.2,101.75,106.15,24.84,25.47,33.8,-17.24
68,1473,9.1,90.9,11.3,100.61,104.59,24.26,21.86,33.7,-18.35
69,1495,9.2,90.8,11.5,101.73,105.42,24.89,24.20,34.8,-16.66
70,1517,9.3,90.7,11.7,101.83,105.60,24.62,25.50,36.7,-16.90
71,1538,9.5,90.5,11.8,101.35,105.17,24.72,24.79,37.4,-16.37
72,1560,9.6,90.4,12.0,101.25,105.82,24.74,25.35,38.9,-16.59
73,1582,9.7,90.3,12.2,101.26,105.58,24.48,26.10,39.5,-16.94
74,1603,9.9,90.1,12.3,100.54,105.40,24.33,24.22,39.9,-15.85
75,1625,10.0,90.0,12.5,101.27,105.96,24.50,26.95,40.8,-15.48
76,1647,10.1,89.9,12.7,100.72,105.76,24.35,24.75,43.0,-16.19
77,1668,10.3,89.7,12.8,101.21,106.16,24.61,27.05,44.0,-16.46
78,1690,10.4,89.6,13.0,101.10,106.18,24.92,25.63,45.3,-16.66
79,1712,10.5,89.5,13.2,101.87,107.12,25.37,27.30,46.3,-15.38
80,1733,10.7,89.3,13.3,101.38,106.96,25.03,24.82,46.4,-15.82
81,1755,10.8,89.2,13.5,101.30,106.87,25.62,26.78,48.5,-15.17
82,1777,10.9,89.1,13.7,100.89,106.05,24.52,23.88,49.6,-15.24
83,1798,11.1,88.9,13.8,101.53,107.27,25.52,27.82,50.8,-15.90
84,1820,11.2,88.8,14.0,101.09,106.46,25.34,27.82,51.9,-15.40
85,1842,11.3,88.7,14.2,101.74,107.03,25.09,26.34,54.2,-15.63
86,1863,11.5,88.5,14.3,101.69,107.75,24.96,25.60,54.0,-15.49
87,1885,11.6,88.4,14.5,101.85,108.45,25.40,25.22,57.1,-13.83
88,1907,11.7,88.3,14.7,101.38,107.53,24.57,26.23,57.2,-15.51
89,1928,11.9,88.1,14.8,101.74,107.86,26.00,29.07,57.7,-15.60
90,1950,12.0,88.0,15.0,101.19,107.60,24.87,22.98,61.0,-14.89
91,1972,12.1,87.9,15.2,100.85,107.65,24.26,26.26,62.4,-14.78
92,1993,12.3,87.7,15.3,101.38,108.30,25.28,25.93,62.8,-15.34
93,2015,12.4,87.6,15.5,101.23,108.46,25.19,25.87,65.1,-14.17
94,2037,12.5,87.5,15.7,100.86,108.72,24.88,25.28,65.4,-12.86
95,2058,12.7,87.3,15.8,101.85,109.59,24.16,25.65,65.8,-14.52
96,2080,12.8,87.2,16.0,100.59,108.28,25.30,27.14,67.6,-14.28
97,2102,12.9,87.1,16.2,100.91,108.55,24.48,25.65,68.9,-14.01
98,2123,13.1,86.9,16.3,101.21,108.95,25.00,27.04,71.3,-13.78
99,2145,13.2,86.8,16.5,100.64,108.66,25.14,27.37,72.6,-14.73
100,2167,13.3,86.7,16.7,101.78,110.03,24.95,26.99,74.4,-13.52
101,2188,13.5,86.5,16.8,101.33,109.85,24.61,25.93,75.3,-12.81
102,2210,13.6,86.4,17.0,101.23,109.73,25.39,25.92,76.2,-12.90
103,2232,13.7,86.3,17.2,100.88,109.75,25.07,27.01,78.1,-12.70
104,2253,13.9,86.1,17.3,101.48,110.19,25.63,28.01,80.1,-12.91
105,2275,14.0,86.0,17.5,100.99,110.04,25.25,26.88,80.4,-13.05
106,2297,14.1,85.9,17.7,101.37,110.50,24.46,25.95,83.7,-14.13
107,2318,14.3,85.7,17.8,101.64,111.13,24.50,25.08,82.6,-13.00
108,2340,14.4,85.6,18.0,101.37,111.26,24.84,25.99,86.5,-12.69
109,2362,14.5,85.5,18.2,101.74,111.61,24.66,25.88,89.2,-12.58
110,2383,14.7,85.3,18.3,101.17,110.90,24.56,23.86,88.2,-12.39
111,2405,14.8,85.2,18.5,100.81,110.45,24.44,26.96,89.5,-13.26
112,2427,14.9,85.1,18.7,101.37,111.69,25.22,27.98,91.5,-12.37
113,2448,15.1,84.9,18.8,101.25,112.00,24.71,24.89,94.0,-11.60
114,2470,15.2,84.8,19.0,101.14,111.93,25.52,27.77,96.7,-12.35
115,2492,15.3,84.7,19.2,102.16,113.56,25.34,25.97,96.6,-9.79
116,2513,15.5,84.5,19.3,101.15,112.12,25.81,28.33,99.8,-12.79
117,2535,15.6,84.4,19.5,101.52,112.79,24.39,25.57,101.2,-12.09
118,2557,15.7,84.3,19.7,101.09,112.88,24.53,24.53,104.3,-12.16
119,2578,15.9,84.1,19.8,101.07,113.53,25.25,25.97,105.0,-12.11
120,2600,16.0,84.0,20.0,100.83,113.50,24.50,27.47,106.3,-10.62
121,2622,16.1,83.9,20.2,100.90,112.98,25.18,28.42,106.7,-11.36
122,2643,16.3,83.7,20.3,101.32,113.48,23.91,25.30,110.7,-12.14
123,2665,16.4,83.6,20.5,102.08,115.20,24.71,26.41,113.0,-10.76
124,2687,16.5,83.5,20.7,101.13,113.86,26.10,28.27,113.8,-11.36
125,2708,16.7,83.3,20.8,101.53,114.20,24.88,25.81,117.7,-11.13
126,2730,16.8,83.2,21.0,101.60,114.75,24.53,26.53,116.7,-10.22
127,2752,16.9,83.1,21.2,101.88,114.86,24.85,29.36,120.7,-11.95
128,2773,17.1,82.9,21.3,100.56,114.14,24.91,28.35,118.8,-12.53
129,2795,17.2,82.8,21.5,101.07,114.90,24.55,26.78,122.5,-11.24
130,2817,17.3,82.7,21.7,100.96,115.07,25.29,29.54,124.6,-10.81
131,2838,17.5,82.5,21.8,101.32,115.48,24.97,25.66,125.7,-10.09
132,2860,17.6,82.4,22.0,100.92,114.91,25.58,28.02,129.2,-9.51
133,2882,17.7,82.3,22.2,100.62,114.98,25.38,27.10,130.5,-10.75
134,2903,17.9,82.1,22.3,101.23,115.84,24.84,26.95,133.4,-11.54
135,2925,18.0,82.0,22.5,100.98,116.50,24.42,25.25,132.6,-9.16
136,2947,18.1,81.9,22.7,101.05,116.58,24.84,25.61,136.5,-9.65
137,2968,18.3,81.7,22.8,101.81,117.58,26.52,27.35,137.3,-9.67
138,2990,18.4,81.6,23.0,101.76,117.82,25.38,27.29,137.9,-10.00
139,3012,18.5,81.5,23.2,101.98,118.18,24.87,28.88,144.2,-8.99
140,3033,18.7,81.3,23.3,100.65,116.71,25.10,28.45,143.4,-8.76
141,3055,18.8,81.2,23.5,101.35,118.52,25.35,29.36,148.1,-9.24
142,3077,18.9,81.1,23.7,102.02,118.80,25.61,27.58,150.4,-8.76
143,3098,19.1,80.9,23.8,101.00,118.31,24.66,26.75,154.1,-9.01
144,3120,19.2,80.8,24.0,101.42,118.92,24.63,27.83,152.4,-9.61
145,3142,19.3,80.7,24.2,101.63,119.08,25.73,28.63,157.4,-8.91
146,3163,19.5,80.5,24.3,101.04,118.29,25.65,29.33,157.7,-9.98
147,3185,19.6,80.4,24.5,101.14,119.61,24.64,27.17,158.1,-9.12
148,3207,19.7,80.3,24.7,101.02,118.78,24.48,25.83,159.4,-9.37
149,3228,19.9,80.1,24.8,101.09,119.32,24.39,28.28,163.4,-8.39
150,3250,20.0,80.0,25.0,101.11,120.28,25.12,29.05,165.3,-9.80
151,3272,20.1,79.9,25.2,100.43,119.24,25.19,27.79,166.9,-7.83
152,3293,20.3,79.7,25.3,101.53,120.25,24.87,28.83,170.6,-7.71
153,3315,20.4,79.6,25.5,102.08,121.39,24.77,24.96,172.4,-6.86
154,3337,20.5,79.5,25.7,100.83,120.92,25.62,29.29,176.1,-8.68
155,3358,20.7,79.3,25.8,101.05,120.65,25.52,26.55,178.4,-7.37
156,3380,20.8,79.2,26.0,102.12,122.43,23.97,26.61,180.6,-7.56
157,3402,20.9,79.1,26.2,101.69,121.57,24.84,29.68,185.6,-6.57
158,3423,21.1,78.9,26.3,101.14,122.20,25.86,31.03,186.1,-6.95
159,3445,21.2,78.8,26.5,100.98,121.54,25.49,28.85,185.8,-7.29
160,3467,21.3,78.7,26.7,101.14,122.47,24.49,28.40,189.1,-7.02
161,3488,21.5,78.5,26.8,101.00,122.76,25.94,29.09,193.3,-6.32
162,3510,21.6,78.4,27.0,100.24,121.80,24.68,29.54,195.0,-6.84
163,3532,21.7,78.3,27.2,101.55,123.35,24.63,27.13,196.2,-6.94
164,3553,21.9,78.1,27.3,101.37,123.48,25.45,30.57,200.3,-5.81
165,3575,22.0,78.0,27.5,101.37,124.18,25.30,28.59,204.7,-5.85
166,3597,22.1,77.9,27.7,102.09,124.98,25.16,29.78,205.0,-6.52
167,3618,22.3,77.7,27.8,101.25,124.35,25.88,30.25,208.0,-6.37
168,3640,22.4,77.6,28.0,101.36,124.89,24.97,27.72,206.3,-6.32
169,3662,22.5,77.5,28.2,101.38,124.75,25.46,30.63,211.0,-6.02
170,3683,22.7,77.3,28.3,101.47,124.88,24.45,28.59,213.5,-5.88
171,3705,22.8,77.2,28.5,100.90,125.22,24.77,27.86,215.7,-5.78
172,3727,22.9,77.1,28.7,101.78,126.54,25.37,30.18,216.7,-6.37
173,3748,23.1,76.9,28.8,100.71,126.43,24.46,28.68,220.7,-5.97
174,3770,23.2,76.8,29.0,101.07,125.65,24.50,27.36,222.3,-5.73
175,3792,23.3,76.7,29.2,101.03,126.52,24.71,30.40,226.9,-5.77
176,3813,23.5,76.5,29.3,100.77,126.69,24.80,29.92,228.6,-5.24
177,3835,23.6,76.4,29.5,101.39,127.29,25.67,31.48,228.9,-5.04
178,3857,23.7,76.3,29.7,100.86,126.97,24.88,30.15,237.0,-5.75
179,3878,23.9,76.1,29.8,101.30,127.30,24.76,26.45,235.6,-5.56
180,3900,24.0,76.0,30.0,101.06,127.86,24.80,28.93,242.5,-4.10
181,3922,24.1,75.9,30.2,100.84,128.42,24.19,28.11,236.8,-3.98
182,3943,24.3,75.7,30.3,101.53,128.66,24.93,29.66,242.9,-3.77
183,3965,24.4,75.6,30.5,101.27,129.27,24.87,28.89,247.8,-4.71
184,3987,24.5,75.5,30.7,101.65,129.48,24.78,30.22,249.8,-4.67
185,4008,24.7,75.3,30.8,101.29,129.50,24.60,30.24,256.0,-5.12
186,4030,24.8,75.2,31.0,101.39,129.73,25.14,30.51,258.7,-3.89
187,4052,24.9,75.1,31.2,101.15,129.98,24.70,28.75,259.3,-4.69
188,4073,25.1,74.9,31.3,101.31,130.51,24.63,30.33,258.6,-4.43
189,4095,25.2,74.8,31.5,101.24,130.82,24.46,30.80,264.2,-3.52
190,4117,25.3,74.7,31.7,101.35,131.49,24.98,31.45,267.1,-2.92
191,4138,25.5,74.5,31.8,101.48,132.03,24.83,28.93,265.5,-3.26
192,4160,25.6,74.4,32.0,102.02,132.89,25.09,30.67,270.0,-2.65
193,4182,25.7,74.3,32.2,100.84,131.59,24.87,29.23,275.8,-3.50
194,4203,25.9,74.1,32.3,100.97,132.71,24.30,28.40,277.7,-3.26
195,4225,26.0,74.0,32.5,101.47,132.86,24.48,29.39,282.6,-3.79
196,4247,26.1,73.9,32.7,101.11,133.24,25.29,32.28,286.3,-2.73
197,4268,26.3,73.7,32.8,101.61,133.68,24.87,28.47,285.0,-2.98
198,4290,26.4,73.6,33.0,101.46,134.17,24.32,28.97,288.4,-3.26
199,4312,26.5,73.5,33.2,101.37,133.90,25.02,28.92,294.9,-4.23
200,4333,26.7,73.3,33.3,100.78,133.83,24.29,28.58,294.5,-3.07
201,4355,26.8,73.2,33.5,101.69,135.38,24.87,31.82,299.9,-2.06
202,4377,26.9,73.1,33.7,101.14,135.33,25.88,32.78,304.5,-1.55
203,4398,27.1,72.9,33.8,101.64,135.53,24.44,30.54,302.9,-3.51
204,4420,27.2,72.8,34.0,101.65,136.00,25.27,29.87,310.8,-2.70
205,4442,27.3,72.7,34.2,101.38,136.37,25.85,33.69,314.8,-2.82
206,4463,27.5,72.5,34.3,101.05,136.29,25.01,32.64,315.2,-2.86
207,4485,27.6,72.4,34.5,101.51,137.33,24.89,32.50,320.4,-2.50
208,4507,27.7,72.3,34.7,101.44,136.95,25.20,31.89,317.5,-2.18
209,4528,27.9,72.1,34.8,101.20,137.04,25.85,31.02,326.7,-2.26
210,4550,28.0,72.0,35.0,101.53,138.37,25.76,31.98,328.8,-2.38
211,4572,28.1,71.9,35.2,101.62,138.49,24.37,32.51,324.6,-1.30
212,4593,28.3,71.7,35.3,101.61,138.50,24.76,30.13,329.5,-1.92
213,4615,28.4,71.6,35.5,101.05,138.94,25.15,32.68,334.2,-0.77
214,4637,28.5,71.5,35.7,101.33,139.52,25.85,33.78,342.0,-0.49
215,4658,28.7,71.3,35.8,101.72,139.57,25.44,32.60,340.0,-1.18
216,4680,28.8,71.2,36.0,101.13,140.00,25.42,30.60,343.0,-0.97
217,4702,28.9,71.1,36.2,100.92,140.14,24.84,31.08,349.1,-1.45
218,4723,29.1,70.9,36.3,101.30,140.43,24.58,31.46,347.7,-0.64
219,4745,29.2,70.8,36.5,101.50,141.07,26.36,32.40,355.3,-1.25
220,4767,29.3,70.7,36.7,100.94,141.38,25.90,32.67,356.0,-0.56
221,4788,29.5,70.5,36.8,101.30,142.29,25.45,31.66,365.3,0.37
222,4810,29.6,70.4,37.0,101.49,142.22,25.03,31.44,363.2,-0.17
223,4832,29.7,70.3,37.2,100.41,141.98,25.10,33.82,368.4,-0.42
224,4853,29.9,70.1,37.3,101.75,143.53,25.14,36.50,371.6,-0.33
225,4875,30.0,70.0,37.5,101.99,143.79,24.48,30.33,376.6,0.20
226,4897,30.1,69.9,37.7,101.60,143.60,25.50,34.57,377.8,-0.08
227,4918,30.3,69.7,37.8,101.57,144.47,25.32,31.72,376.4,-0.01
228,4940,30.4,69.6,38.0,101.55,144.88,24.95,33.08,387.6,-0.73
229,4962,30.5,69.5,38.2,101.11,144.70,25.56,32.49,388.2,1.03
230,4983,30.7,69.3,38.3,101.31,145.40,24.38,33.00,395.2,0.45
231,5005,30.8,69.2,38.5,101.21,145.41,25.18,33.09,393.8,-0.18
232,5027,30.9,69.1,38.7,101.81,146.47,24.56,33.47,389.5,-0.48
233,5048,31.1,68.9,38.8,101.30,146.43,25.11,32.15,395.8,0.65
234,5070,31.2,68.8,39.0,101.39,146.37,24.93,33.42,402.7,-0.20
235,5092,31.3,68.7,39.2,101.62,147.94,24.25,32.91,402.8,0.22
236,5113,31.5,68.5,39.3,101.94,148.39,24.60,33.19,412.5,1.45
237,5135,31.6,68.4,39.5,102.20,149.02,23.50,31.55,414.4,0.73
238,5157,31.7,68.3,39.7,101.31,148.14,24.46,34.56,416.0,1.64
239,5178,31.9,68.1,39.8,101.57,149.20,25.63,32.90,424.2,1.86
240,5200,32.0,68.0,40.0,101.76,149.53,23.86,32.52,441.9,0.43
241,5222,32.1,67.9,40.2,101.28,149.38,24.26,31.60,458.1,1.10
242,5243,32.3,67.7,40.3,101.82,150.65,24.76,35.05,479.0,0.90
243,5265,32.4,67.6,40.5,101.23,150.33,25.32,33.33,492.4,2.31
244,5287,32.5,67.5,40.7,102.26,151.61,25.63,35.31,516.4,1.23
245,5308,32.7,67.3,40.8,100.88,150.04,25.43,35.68,525.3,2.07
246,5330,32.8,67.2,41.0,101.93,152.39,24.67,34.59,541.0,1.40
247,5352,32.9,67.1,41.2,100.88,150.87,24.41,35.00,558.6,1.60
248,5373,33.1,66.9,41.3,100.84,152.16,25.00,34.78,572.8,2.30
249,5395,33.2,66.8,41.5,100.91,152.64,24.97,35.17,604.4,0.58
250,5417,33.3,66.7,41.7,101.10,153.64,24.74,34.12,610.7,2.98
251,5438,33.5,66.5,41.8,101.65,153.76,25.64,36.01,630.1,2.99
252,5460,33.6,66.4,42.0,101.22,154.03,23.98,32.81,645.3,3.36
253,5482,33.7,66.3,42.2,101.81,154.76,25.16,33.35,675.8,3.20
254,5503,33.9,66.1,42.3,101.75,155.72,25.63,35.52,701.1,2.28
255,5525,34.0,66.0,42.5,100.78,154.63,25.37,35.62,711.5,4.08
256,5547,34.1,65.9,42.7,100.62,154.95,25.09,34.46,729.5,4.08
257,5568,34.3,65.7,42.8,100.73,155.69,24.43,36.34,740.8,3.50
258,5590,34.4,65.6,43.0,101.73,157.70,24.00,35.03,773.0,3.74
259,5612,34.5,65.5,43.2,101.44,157.27,24.65,36.37,807.7,2.75
260,5633,34.7,65.3,43.3,101.91,157.67,25.00,36.80,811.7,3.37
261,5655,34.8,65.2,43.5,101.14,158.03,24.70,34.86,832.3,4.10
262,5677,34.9,65.1,43.7,100.95,157.53,24.24,33.08,849.1,2.85
263,5698,35.1,64.9,43.8,101.42,158.85,24.59,33.70,864.7,3.40
264,5720,35.2,64.8,44.0,100.81,158.87,24.30,34.73,920.5,3.73
265,5742,35.3,64.7,44.2,100.58,158.92,24.83,34.40,922.2,4.40
266,5763,35.5,64.5,44.3,100.87,159.72,25.19,37.34,956.9,3.95
267,5785,35.6,64.4,44.5,101.22,159.79,25.26,35.81,974.6,3.90
268,5807,35.7,64.3,44.7,101.11,161.02,24.96,36.59,993.1,4.94
269,5828,35.9,64.1,44.8,100.89,161.21,25.01,38.22,1019.1,4.93
270,5850,36.0,64.0,45.0,100.99,161.37,25.05,34.53,1033.7,4.05
271,5872,36.1,63.9,45.2,101.27,162.27,25.56,36.05,1056.9,5.27
272,5893,36.3,63.7,45.3,101.22,162.69,23.97,35.10,1072.3,4.58
273,5915,36.4,63.6,45.5,100.55,162.26,24.06,36.24,1087.8,4.93
274,5937,36.5,63.5,45.7,101.03,163.55,24.70,35.58,1129.4,4.96
275,5958,36.7,63.3,45.8,100.62,163.36,24.72,39.56,1150.3,5.16
276,5980,36.8,63.2,46.0,101.70,164.85,25.13,35.45,1173.1,6.33
277,6002,36.9,63.1,46.2,101.45,165.45,24.85,36.31,1213.9,5.86
278,6023,37.1,62.9,46.3,100.86,165.04,24.53,35.17,1246.1,5.23
279,6045,37.2,62.8,46.5,101.94,167.30,24.97,35.59,1277.1,5.14
280,6067,37.3,62.7,46.7,100.68,165.63,24.72,38.52,1297.1,5.23
281,6088,37.5,62.5,46.8,101.83,167.28,25.23,35.18,1306.4,5.89
282,6110,37.6,62.4,47.0,100.27,166.36,25.18,35.02,1325.8,5.20
283,6132,37.7,62.3,47.2,101.09,167.43,24.52,35.27,1356.2,6.34
284,6153,37.9,62.1,47.3,101.26,168.09,25.23,37.09,1391.3,6.78
285,6175,38.0,62.0,47.5,101.66,169.40,24.27,37.50,1403.5,7.44
286,6197,38.1,61.9,47.7,101.29,169.02,25.22,38.06,1463.9,6.08
287,6218,38.3,61.7,47.8,100.96,169.23,25.51,40.15,1484.5,6.28
288,6240,38.4,61.6,48.0,101.39,169.70,24.52,35.46,1495.0,6.40
289,6262,38.5,61.5,48.2,101.31,170.96,25.21,40.86,1541.8,6.66
290,6283,38.7,61.3,48.3,101.47,171.66,24.81,38.38,1547.4,7.89
291,6305,38.8,61.2,48.5,101.27,171.64,24.78,36.37,1584.1,8.12
292,6327,38.9,61.1,48.7,101.99,172.54,24.90,38.58,1602.6,7.01
293,6348,39.1,60.9,48.8,101.01,172.28,24.67,37.59,1637.7,5.89
294,6370,39.2,60.8,49.0,101.23,172.74,24.50,36.34,1701.8,7.39
295,6392,39.3,60.7,49.2,100.74,172.81,25.49,38.88,1699.5,7.40
296,6413,39.5,60.5,49.3,101.31,173.91,23.91,36.12,1760.2,6.40
297,6435,39.6,60.4,49.5,101.63,174.52,25.40,41.50,1791.7,7.30
298,6457,39.7,60.3,49.7,101.45,174.99,24.45,37.03,1758.2,7.55
299,6478,39.9,60.1,49.8,101.51,175.52,25.23,38.07,1801.0,9.69
300,6500,40.0,60.0,50.0,100.93,175.74,26.18,38.42,1846.1,9.10
301,6502,40.0,59.9,50.0,101.82,176.48,26.11,41.69,1926.3,7.62
302,6503,40.1,59.9,50.1,100.85,175.43,25.90,38.46,1881.9,7.63
303,6505,40.1,59.8,50.1,101.48,176.31,24.63,38.31,1916.1,8.41
304,6507,40.2,59.7,50.1,101.43,175.80,25.01,37.72,1864.1,8.82
305,6508,40.2,59.7,50.2,101.52,175.99,25.64,40.02,1913.7,8.17
306,6510,40.3,59.6,50.2,101.17,176.19,24.98,39.32,1864.8,8.09
307,6512,40.3,59.5,50.2,101.09,176.41,25.73,39.33,1914.0,7.98
308,6513,40.4,59.5,50.3,101.55,176.62,24.51,38.79,1910.3,8.81
309,6515,40.4,59.4,50.3,101.23,176.30,25.36,38.34,1927.9,7.76
310,6517,40.5,59.3,50.3,101.45,176.55,24.99,36.85,1957.6,7.43
311,6518,40.5,59.3,50.4,100.81,175.89,24.82,37.60,1986.2,8.11
312,6520,40.6,59.2,50.4,101.42,176.37,24.26,38.39,1973.6,8.78
313,6522,40.6,59.1,50.4,101.77,176.99,24.35,37.81,1984.1,8.42
314,6523,40.7,59.1,50.5,101.10,176.20,25.18,40.23,1991.0,8.72
315,6525,40.7,59.0,50.5,101.46,176.31,24.45,37.87,1994.3,8.75
316,6527,40.8,58.9,50.5,101.52,176.27,24.27,39.15,1968.5,8.11
317,6528,40.8,58.9,50.6,101.65,176.96,26.48,41.52,2000.0,8.35
318,6530,40.9,58.8,50.6,101.39,176.63,24.28,38.94,1955.9,8.31
319,6532,40.9,58.7,50.6,101.05,176.10,25.49,38.99,1987.5,9.05
320,6533,41.0,58.7,50.7,100.87,176.53,24.67,36.96,2012.6,7.85
321,6535,41.0,58.6,50.7,101.52,177.23,24.21,37.43,2038.0,8.18
322,6537,41.1,58.5,50.7,101.63,177.09,24.71,36.95,2037.0,7.09
323,6538,41.1,58.5,50.8,101.31,177.04,24.81,41.18,2043.0,8.15
324,6540,41.2,58.4,50.8,101.45,176.65,25.10,36.22,2062.7,8.61
325,6542,41.2,58.3,50.8,101.38,176.96,24.36,36.88,2079.9,9.15
326,6543,41.3,58.3,50.9,101.06,176.75,25.20,41.15,2086.5,8.88
327,6545,41.3,58.2,50.9,101.12,177.26,24.95,37.51,2068.4,7.49
328,6547,41.4,58.1,50.9,101.15,177.02,25.46,40.45,2112.2,8.33
329,6548,41.4,58.1,51.0,102.20,178.15,25.80,37.61,2087.3,7.80
330,6550,41.5,58.0,51.0,100.23,175.96,25.70,38.68,2093.5,8.37
331,6552,41.5,57.9,51.0,101.10,176.94,24.40,39.45,2126.7,7.11
332,6553,41.6,57.9,51.1,101.10,177.34,25.38,36.52,2107.0,6.81
333,6555,41.6,57.8,51.1,101.10,176.87,25.02,39.47,2098.3,7.46
334,6557,41.7,57.7,51.1,101.40,177.15,24.95,37.83,2177.0,8.18
335,6558,41.7,57.7,51.2,100.65,176.18,25.32,40.86,2126.4,8.17
336,6560,41.8,57.6,51.2,100.50,176.51,24.38,40.65,2166.9,9.70
337,6562,41.8,57.5,51.2,101.49,177.43,25.57,39.24,2200.0,8.35
338,6563,41.9,57.5,51.3,101.55,178.20,24.18,37.20,2197.3,7.77
339,6565,41.9,57.4,51.3,101.10,177.33,24.42,37.99,2223.2,9.70
340,6567,42.0,57.3,51.3,100.55,176.74,25.41,38.52,2210.4,7.67
341,6568,42.0,57.3,51.4,101.34,177.63,24.92,41.42,2193.4,7.79
342,6570,42.1,57.2,51.4,101.51,177.88,24.31,39.58,2213.0,7.48
343,6572,42.1,57.1,51.4,101.18,177.16,25.57,36.47,2201.2,7.92
344,6573,42.2,57.1,51.5,101.65,178.35,25.39,40.78,2233.4,7.03
345,6575,42.2,57.0,51.5,100.75,176.91,25.12,38.96,2194.0,9.20
346,6577,42.3,56.9,51.5,100.97,176.83,24.18,39.12,2281.8,8.49
347,6578,42.3,56.9,51.6,101.77,178.14,24.52,39.45,2228.3,7.98
348,6580,42.4,56.8,51.6,100.84,177.26,25.63,39.44,2265.9,9.13
349,6582,42.4,56.7,51.6,101.13,178.37,25.91,39.90,2235.8,7.91
350,6583,42.5,56.7,51.7,101.46,177.84,25.23,39.38,2307.0,8.68
351,6585,42.5,56.6,51.7,101.43,177.70,24.61,39.08,2306.0,7.78
352,6587,42.6,56.5,51.7,101.59,178.10,24.61,36.25,2260.7,7.76
353,6588,42.6,56.5,51.8,101.31,177.75,24.54,39.37,2307.7,8.52
354,6590,42.7,56.4,51.8,101.52,178.44,24.20,38.84,2296.8,7.36
355,6592,42.7,56.3,51.8,101.70,178.56,25.33,39.35,2288.0,9.31
356,6593,42.8,56.3,51.9,101.18,177.87,26.02,41.05,2314.6,9.09
357,6595,42.8,56.2,51.9,102.20,179.06,24.50,41.12,2320.7,7.62
358,6597,42.9,56.1,51.9,101.21,177.67,25.26,39.41,2394.1,8.55
359,6598,42.9,56.1,52.0,100.65,177.85,24.59,40.16,2412.5,9.63
360,6600,43.0,56.0,52.0,101.22,177.70,25.16,38.93,2384.3,7.44
361,6602,43.0,55.9,52.0,100.93,178.23,25.48,38.98,2369.7,8.53
362,6603,43.1,55.9,52.1,101.12,178.95,24.53,38.44,2374.9,9.11
363,6605,43.1,55.8,52.1,101.05,177.59,25.60,40.30,2356.7,8.81
364,6607,43.2,55.7,52.1,101.50,178.57,24.83,37.03,2380.5,8.50
365,6608,43.2,55.7,52.2,101.33,178.37,24.83,39.75,2422.8,8.50
366,6610,43.3,55.6,52.2,101.47,178.82,24.52,37.97,2422.5,9.10
367,6612,43.3,55.5,52.2,101.75,179.06,24.78,39.71,2450.6,8.40
368,6613,43.4,55.5,52.3,102.04,179.50,26.14,38.17,2429.6,8.24
369,6615,43.4,55.4,52.3,101.14,178.42,24.82,40.03,2454.9,9.17
370,6617,43.5,55.3,52.3,100.90,178.26,25.34,39.66,2487.9,8.60
371,6618,43.5,55.3,52.4,101.08,178.21,25.33,39.87,2455.2,9.10
372,6620,43.6,55.2,52.4,100.77,177.68,24.78,39.64,2426.1,9.08
373,6622,43.6,55.1,52.4,101.51,178.80,24.48,41.02,2500.2,8.77
374,6623,43.7,55.1,52.5,102.33,179.50,24.80,40.51,2490.2,7.83
375,6625,43.7,55.0,52.5,101.32,179.00,25.20,38.04,2518.2,9.21
376,6627,43.8,54.9,52.5,100.88,178.10,24.74,37.29,2497.8,9.27
377,6628,43.8,54.9,52.6,101.19,178.34,24.80,40.53,2474.0,9.09
378,6630,43.9,54.8,52.6,100.90,178.59,24.75,38.04,2489.8,8.13
379,6632,43.9,54.7,52.6,101.34,178.76,25.57,39.45,2549.7,8.08
380,6633,44.0,54.7,52.7,101.84,179.19,24.15,37.54,2582.7,7.86
381,6635,44.0,54.6,52.7,100.74,178.26,25.74,40.75,2529.8,8.37
382,6637,44.1,54.5,52.7,101.23,178.80,25.75,39.54,2583.8,7.87
383,6638,44.1,54.5,52.8,101.71,179.33,25.39,39.43,2565.3,7.97
384,6640,44.2,54.4,52.8,100.84,178.38,24.53,38.92,2542.2,8.81
385,6642,44.2,54.3,52.8,100.93,178.69,25.23,39.32,2618.2,7.38
386,6643,44.3,54.3,52.9,102.01,180.28,25.27,40.08,2598.7,8.32
387,6645,44.3,54.2,52.9,100.85,178.72,24.29,39.00,2622.6,8.51
388,6647,44.4,54.1,52.9,101.37,179.11,25.42,38.03,2597.4,8.57
389,6648,44.4,54.1,53.0,101.60,179.48,25.14,39.79,2596.1,7.33
390,6650,44.5,54.0,53.0,101.35,179.60,25.29,40.89,2631.8,8.62
391,6652,44.5,53.9,53.0,101.10,178.95,24.58,37.97,2620.9,8.64
392,6653,44.6,53.9,53.1,101.31,178.79,25.21,39.47,2634.7,9.03
393,6655,44.6,53.8,53.1,101.10,179.45,24.92,41.36,2649.2,7.93
394,6657,44.7,53.7,53.1,100.85,178.71,24.61,38.09,2634.2,9.25
395,6658,44.7,53.7,53.2,101.54,179.25,24.80,40.45,2680.9,9.07
396,6660,44.8,53.6,53.2,101.55,179.90,25.31,41.07,2680.6,8.18
397,6662,44.8,53.5,53.2,101.55,179.99,25.28,40.92,2655.1,8.51
398,6663,44.9,53.5,53.3,101.81,180.05,24.73,38.85,2727.5,8.56
399,6665,44.9,53.4,53.3,101.66,180.03,25.27,39.40,2645.3,9.44
400,6667,45.0,53.3,53.3,100.83,179.14,24.79,37.75,2691.6,9.21
401,6668,45.0,53.3,53.4,101.39,179.78,25.03,38.14,2760.6,8.73
402,6670,45.1,53.2,53.4,101.52,180.20,24.96,37.03,2732.0,8.57
403,6672,45.1,53.1,53.4,101.82,180.59,25.21,38.30,2737.9,8.94
404,6673,45.2,53.1,53.5,101.20,179.30,25.23,39.32,2713.8,9.35
405,6675,45.2,53.0,53.5,100.85,180.45,24.56,39.04,2735.9,9.14
406,6677,45.3,52.9,53.5,101.99,180.52,25.07,41.39,2758.5,8.41
407,6678,45.3,52.9,53.6,101.16,179.33,25.14,39.85,2799.2,9.00
408,6680,45.4,52.8,53.6,101.65,180.37,24.88,40.50,2829.0,8.48
409,6682,45.4,52.7,53.6,101.22,180.11,25.91,37.35,2787.7,8.79
410,6683,45.5,52.7,53.7,101.98,180.55,26.36,38.70,2797.2,9.13
411,6685,45.5,52.6,53.7,101.50,180.06,24.77,36.76,2774.9,8.99
412,6687,45.6,52.5,53.7,100.78,179.57,24.94,40.35,2838.0,8.12
413,6688,45.6,52.5,53.8,101.43,180.14,24.60,38.69,2824.5,9.47
414,6690,45.7,52.4,53.8,101.64,180.40,25.86,40.09,2798.4,8.84
415,6692,45.7,52.3,53.8,100.73,179.72,24.89,39.42,2849.0,8.55
416,6693,45.8,52.3,53.9,101.05,180.06,24.89,41.33,2894.3,8.55
417,6695,45.8,52.2,53.9,100.88,179.69,24.58,40.30,2875.3,9.24
418,6697,45.9,52.1,53.9,101.39,180.06,25.70,41.59,2880.8,8.96
419,6698,45.9,52.1,54.0,101.56,180.54,24.90,38.53,2875.8,8.78
420,6700,46.0,52.0,54.0,101.59,180.56,24.79,38.27,2943.9,8.10
421,6702,46.0,51.9,54.0,101.50,180.87,24.74,40.72,2950.0,9.10
422,6703,46.1,51.9,54.1,101.29,180.42,24.74,39.07,2960.4,9.15
423,6705,46.1,51.8,54.1,101.92,181.12,25.61,36.60,2933.3,8.74
424,6707,46.2,51.7,54.1,101.65,181.00,24.97,38.68,2990.9,8.55
425,6708,46.2,51.7,54.2,101.75,181.39,25.01,38.63,2943.5,9.37
426,6710,46.3,51.6,54.2,101.25,180.53,24.68,37.91,2912.5,8.90
427,6712,46.3,51.5,54.2,101.54,181.12,24.62,36.70,2969.6,9.29
428,6713,46.4,51.5,54.3,101.31,180.27,24.04,40.38,2986.7,8.94
429,6715,46.4,51.4,54.3,101.27,180.80,24.36,38.12,2948.5,8.26
430,6717,46.5,51.3,54.3,101.02,179.91,24.77,38.22,2986.1,8.37
431,6718,46.5,51.3,54.4,101.30,180.52,26.01,41.17,2989.4,9.76
432,6720,46.6,51.2,54.4,101.66,181.40,24.49,37.98,2996.1,10.85
433,6722,46.6,51.1,54.4,101.49,180.98,25.42,38.54,3051.9,8.51
434,6723,46.7,51.1,54.5,101.38,180.23,25.01,39.12,3036.6,9.54
435,6725,46.7,51.0,54.5,101.44,181.09,25.15,38.09,3010.2,8.64
436,6727,46.8,50.9,54.5,100.76,180.66,25.54,40.62,3028.9,8.77
437,6728,46.8,50.9,54.6,101.12,181.16,25.26,41.70,3047.6,8.56
438,6730,46.9,50.8,54.6,100.80,180.11,24.92,38.87,3016.7,8.84
439,6732,46.9,50.7,54.6,101.38,181.07,25.46,40.48,3085.2,8.37
440,6733,47.0,50.7,54.7,101.06,181.33,24.99,38.75,3036.0,8.92
441,6735,47.0,50.6,54.7,101.81,182.30,24.14,38.21,3073.2,9.11
442,6737,47.1,50.5,54.7,101.79,182.05,24.88,41.74,3093.3,9.20
443,6738,47.1,50.5,54.8,101.41,181.11,25.73,40.85,3104.3,8.98
444,6740,47.2,50.4,54.8,100.94,180.98,24.35,38.75,3137.1,8.89
445,6742,47.2,50.3,54.8,101.72,181.95,24.94,38.49,3128.2,9.03
446,6743,47.3,50.3,54.9,101.50,181.36,24.52,39.13,3196.7,10.03
447,6745,47.3,50.2,54.9,101.62,181.40,25.70,39.10,3160.8,8.76
448,6747,47.4,50.1,54.9,100.75,181.10,24.97,39.87,3183.3,8.74
449,6748,47.4,50.1,55.0,101.51,181.55,25.47,36.71,3162.5,9.46
450,6750,47.5,50.0,55.0,100.98,181.22,25.25,38.80,3174.0,9.18
451,6752,47.5,49.9,55.0,101.46,182.05,24.77,40.79,3194.2,8.48
452,6753,47.6,49.9,55.1,100.61,180.90,25.36,42.24,3170.1,9.30
453,6755,47.6,49.8,55.1,101.71,182.02,25.05,40.60,3147.9,9.93
454,6757,47.7,49.7,55.1,101.32,181.65,24.47,36.98,3197.8,9.24
455,6758,47.7,49.7,55.2,101.01,181.34,24.82,39.31,3221.1,10.24
456,6760,47.8,49.6,55.2,102.05,182.84,25.48,39.08,3201.8,9.12
457,6762,47.8,49.5,55.2,101.47,181.90,25.22,40.06,3229.3,9.41
458,6763,47.9,49.5,55.3,100.91,181.26,25.36,39.65,3278.5,9.28
459,6765,47.9,49.4,55.3,101.50,181.58,24.96,38.41,3272.4,9.29
460,6767,48.0,49.3,55.3,101.50,182.56,24.75,38.90,3300.6,9.68
461,6768,48.0,49.3,55.4,100.89,181.69,25.33,39.66,3302.6,9.17
462,6770,48.1,49.2,55.4,101.47,182.23,24.63,37.08,3279.1,9.29
463,6772,48.1,49.1,55.4,101.48,181.93,25.32,40.33,3328.6,8.91
464,6773,48.2,49.1,55.5,101.16,181.66,25.13,39.64,3327.4,8.82
465,6775,48.2,49.0,55.5,101.30,181.82,24.12,39.17,3320.3,9.43
466,6777,48.3,48.9,55.5,101.85,181.89,25.63,41.81,3359.5,8.80
467,6778,48.3,48.9,55.6,100.98,181.49,24.95,41.69,3336.9,9.61
468,6780,48.4,48.8,55.6,101.65,182.33,25.75,42.19,3318.4,9.66
469,6782,48.4,48.7,55.6,101.73,182.71,25.32,41.25,3324.0,9.67
470,6783,48.5,48.7,55.7,101.90,182.91,25.16,40.47,3388.9,9.60
471,6785,48.5,48.6,55.7,101.38,182.30,24.72,38.69,3406.6,9.25
472,6787,48.6,48.5,55.7,101.17,182.14,24.95,40.17,3449.6,9.82
473,6788,48.6,48.5,55.8,100.74,181.72,25.29,37.85,3388.3,10.49
474,6790,48.7,48.4,55.8,100.98,182.36,23.90,38.75,3401.3,8.86
475,6792,48.7,48.3,55.8,101.45,182.81,25.21,42.31,3399.7,9.50
476,6793,48.8,48.3,55.9,101.79,182.93,25.21,35.09,3418.4,9.74
477,6795,48.8,48.2,55.9,101.13,182.13,25.45,37.62,3470.1,11.36
478,6797,48.9,48.1,55.9,101.45,183.25,25.14,38.69,3383.8,10.10
479,6798,48.9,48.1,56.0,101.54,183.17,25.27,38.15,3445.4,9.61
480,6800,49.0,48.0,56.0,101.00,181.62,24.41,38.44,3554.4,10.18
481,6802,49.0,47.9,56.0,101.64,182.75,24.79,40.73,3482.3,9.88
482,6803,49.1,47.9,56.1,101.40,183.14,26.12,40.78,3495.9,9.61
483,6805,49.1,47.8,56.1,101.12,181.88,25.25,39.02,3494.3,10.31
484,6807,49.2,47.7,56.1,101.90,183.10,25.57,38.27,3489.3,10.10
485,6808,49.2,47.7,56.2,101.67,183.06,25.34,40.61,3522.7,9.77
486,6810,49.3,47.6,56.2,101.97,183.34,25.70,39.95,3599.1,10.27
487,6812,49.3,47.5,56.2,100.98,181.90,25.08,38.93,3514.9,9.24
488,6813,49.4,47.5,56.3,101.09,183.12,25.56,41.64,3508.9,10.95
489,6815,49.4,47.4,56.3,100.30,182.55,25.13,39.75,3497.9,8.49
490,6817,49.5,47.3,56.3,101.58,183.22,23.92,37.50,3600.9,10.21
491,6818,49.5,47.3,56.4,101.39,183.96,25.51,42.40,3594.7,10.39
492,6820,49.6,47.2,56.4,100.76,182.04,24.63,39.66,3588.2,9.60
493,6822,49.6,47.1,56.4,101.29,183.23,25.49,40.23,3490.5,9.44
494,6823,49.7,47.1,56.5,101.65,183.25,24.55,40.32,3618.6,10.17
495,6825,49.7,47.0,56.5,101.68,183.22,24.89,38.96,3635.0,10.66
496,6827,49.8,46.9,56.5,101.20,183.36,25.19,39.79,3644.3,9.91
497,6828,49.8,46.9,56.6,101.24,182.81,25.18,39.61,3595.5,8.95
498,6830,49.9,46.8,56.6,101.20,183.19,25.28,39.78,3619.5,9.92
499,6832,49.9,46.7,56.6,101.52,183.66,25.28,41.77,3584.7,9.49
500,6833,50.0,46.7,56.7,101.27,183.57,25.01,40.16,3622.1,8.63
501,6835,50.0,46.6,56.7,101.52,183.84,24.62,39.84,3620.1,9.25
502,6837,50.1,46.5,56.7,101.33,183.52,25.20,40.86,3706.9,10.69
503,6838,50.1,46.5,56.8,101.16,183.61,24.27,39.18,3706.8,10.32
504,6840,50.2,46.4,56.8,101.63,184.41,24.63,40.38,3732.7,9.64
505,6842,50.2,46.3,56.8,101.35,183.82,25.77,41.33,3687.8,9.58
506,6843,50.3,46.3,56.9,101.02,183.61,25.66,40.17,3687.6,8.63
507,6845,50.3,46.2,56.9,101.47,183.51,24.02,38.30,3733.1,8.50
508,6847,50.4,46.1,56.9,101.14,183.51,25.65,39.38,3729.7,8.44
509,6848,50.4,46.1,57.0,101.49,183.45,24.82,39.23,3717.6,9.76
510,6850,50.5,46.0,57.0,102.37,184.72,25.09,39.35,3802.2,8.16
511,6852,50.5,45.9,57.0,100.04,182.91,24.34,37.55,3842.8,9.69
512,6853,50.6,45.9,57.1,101.43,183.87,24.62,40.25,3797.0,9.54
513,6855,50.6,45.8,57.1,100.51,183.21,25.16,38.38,3774.4,9.16
514,6857,50.7,45.7,57.1,101.11,183.77,24.28,38.09,3757.9,11.05
515,6858,50.7,45.7,57.2,101.13,183.69,24.86,41.18,3832.2,9.45
516,6860,50.8,45.6,57.2,100.96,183.84,24.89,39.56,3830.5,9.75
517,6862,50.8,45.5,57.2,100.82,183.22,26.02,41.51,3844.0,9.59
518,6863,50.9,45.5,57.3,101.28,183.33,25.08,39.83,3799.7,10.03
519,6865,50.9,45.4,57.3,101.21,184.32,24.92,39.31,3824.1,10.04
520,6867,51.0,45.3,57.3,101.73,184.48,25.18,39.24,3876.8,9.08
521,6868,51.0,45.3,57.4,101.40,184.44,25.37,38.52,3781.6,9.91
522,6870,51.1,45.2,57.4,101.51,184.06,25.23,41.02,3868.1,9.53
523,6872,51.1,45.1,57.4,101.79,184.21,25.32,40.39,3814.8,10.43
524,6873,51.2,45.1,57.5,101.30,184.59,25.68,39.69,3960.5,9.70
525,6875,51.2,45.0,57.5,100.73,183.71,25.09,40.24,3936.4,9.31
526,6877,51.3,44.9,57.5,101.66,185.23,24.60,38.97,3979.7,10.54
527,6878,51.3,44.9,57.6,101.30,183.90,24.89,41.00,3962.3,10.30
528,6880,51.4,44.8,57.6,102.07,185.04,24.55,38.06,3968.7,9.83
529,6882,51.4,44.7,57.6,101.99,185.20,25.01,39.81,3908.7,10.64
530,6883,51.5,44.7,57.7,101.26,184.41,24.99,42.13,4045.6,9.38
531,6885,51.5,44.6,57.7,101.04,184.01,24.67,40.43,4003.1,9.92
532,6887,51.6,44.5,57.7,100.97,183.72,24.81,40.14,3964.5,9.05
533,6888,51.6,44.5,57.8,101.51,184.56,24.59,38.27,3996.9,9.86
534,6890,51.7,44.4,57.8,102.40,186.07,24.37,37.52,4051.4,9.88
535,6892,51.7,44.3,57.8,101.56,184.77,25.50,42.16,3956.1,10.84
536,6893,51.8,44.3,57.9,101.47,184.49,24.60,38.08,3951.2,9.81
537,6895,51.8,44.2,57.9,101.61,185.04,24.57,40.17,4032.7,10.89
538,6897,51.9,44.1,57.9,101.07,184.46,24.95,39.13,4013.7,8.96
539,6898,51.9,44.1,58.0,101.80,185.06,24.03,38.96,3969.4,10.65
540,6900,52.0,44.0,58.0,101.38,185.05,25.27,40.98,3984.9,10.36
541,6902,52.0,43.9,58.0,101.55,185.55,24.89,40.38,4112.0,9.40
542,6903,52.1,43.9,58.1,101.05,185.17,24.81,40.68,4145.6,9.70
543,6905,52.1,43.8,58.1,100.51,184.28,23.96,37.57,4116.4,11.16
544,6907,52.2,43.7,58.1,100.50,184.19,24.69,40.44,4116.2,11.14
545,6908,52.2,43.7,58.2,101.47,185.36,24.45,40.37,4074.5,10.59
546,6910,52.3,43.6,58.2,101.04,185.25,25.10,38.82,4090.9,9.80
547,6912,52.3,43.5,58.2,101.27,185.06,24.88,41.97,4180.9,10.56
548,6913,52.4,43.5,58.3,100.62,184.50,25.59,41.55,4098.7,9.66
549,6915,52.4,43.4,58.3,101.68,185.51,25.32,40.61,4145.1,10.00
550,6917,52.5,43.3,58.3,100.97,185.40,25.27,42.06,4127.8,9.77
551,6918,52.5,43.3,58.4,101.17,184.87,25.34,41.31,4147.1,9.78
552,6920,52.6,43.2,58.4,101.45,185.22,24.80,41.79,4149.1,9.65
553,6922,52.6,43.1,58.4,102.30,185.70,24.41,41.69,4201.7,9.86
554,6923,52.7,43.1,58.5,102.15,186.01,24.70,40.33,4169.0,10.07
555,6925,52.7,43.0,58.5,101.25,184.96,25.23,41.37,4191.8,10.03
556,6927,52.8,42.9,58.5,101.52,185.50,24.85,39.91,4209.3,11.02
557,6928,52.8,42.9,58.6,101.25,185.39,24.81,38.80,4257.9,9.59
558,6930,52.9,42.8,58.6,101.07,185.32,24.76,38.33,4291.0,9.87
559,6932,52.9,42.7,58.6,101.13,185.19,24.79,39.55,4224.6,10.30
560,6933,53.0,42.7,58.7,101.26,185.41,25.18,40.73,4279.2,10.29
561,6935,53.0,42.6,58.7,101.26,185.96,25.23,42.20,4274.2,10.13
562,6937,53.1,42.5,58.7,101.03,185.40,25.41,40.16,4273.9,11.08
563,6938,53.1,42.5,58.8,101.93,186.03,24.86,39.46,4310.6,10.80
564,6940,53.2,42.4,58.8,101.27,185.58,24.99,41.06,4290.8,10.70
565,6942,53.2,42.3,58.8,101.12,185.63,25.06,40.57,4378.6,9.94
566,6943,53.3,42.3,58.9,101.05,186.02,25.70,42.05,4337.9,11.34
567,6945,53.3,42.2,58.9,101.17,185.57,24.66,40.89,4262.7,9.34
568,6947,53.4,42.1,58.9,101.91,186.81,25.21,41.54,4326.4,10.70
569,6948,53.4,42.1,59.0,100.71,185.73,25.22,38.81,4324.5,10.33
570,6950,53.5,42.0,59.0,101.25,185.82,25.28,40.27,4384.5,9.56
571,6952,53.5,41.9,59.0,101.49,185.77,25.20,41.52,4373.7,10.17
572,6953,53.6,41.9,59.1,100.99,185.21,25.26,40.41,4365.6,10.52
573,6955,53.6,41.8,59.1,101.20,186.03,24.97,41.27,4322.9,10.02
574,6957,53.7,41.7,59.1,101.36,185.78,23.73,37.68,4361.6,10.02
575,6958,53.7,41.7,59.2,100.69,185.47,25.61,41.88,4447.5,10.30
576,6960,53.8,41.6,59.2,101.12,185.75,25.34,39.32,4416.2,10.50
577,6962,53.8,41.5,59.2,101.15,185.95,25.57,38.95,4414.9,10.47
578,6963,53.9,41.5,59.3,101.00,185.98,25.16,40.38,4500.9,10.46
579,6965,53.9,41.4,59.3,101.06,186.19,24.13,39.98,4476.6,9.20
580,6967,54.0,41.3,59.3,101.11,186.20,24.27,39.61,4486.6,10.83
581,6968,54.0,41.3,59.4,101.29,186.37,25.57,41.77,4443.4,9.97
582,6970,54.1,41.2,59.4,101.03,186.13,24.42,37.15,4491.1,10.22
583,6972,54.1,41.1,59.4,101.37,186.85,24.35,39.07,4501.2,9.49
584,6973,54.2,41.1,59.5,101.26,186.30,25.02,39.51,4571.8,9.75
585,6975,54.2,41.0,59.5,101.62,186.80,24.23,39.31,4518.8,10.72
586,6977,54.3,40.9,59.5,101.70,187.34,24.96,39.74,4502.9,10.09
587,6978,54.3,40.9,59.6,101.66,186.84,24.16,40.07,4510.8,10.33
588,6980,54.4,40.8,59.6,100.51,186.21,25.35,39.35,4493.3,10.49
589,6982,54.4,40.7,59.6,100.76,185.50,25.39,41.81,4550.3,10.22
590,6983,54.5,40.7,59.7,102.00,187.19,24.41,39.94,4549.9,10.75
591,6985,54.5,40.6,59.7,100.73,185.95,25.34,41.58,4518.1,9.42
592,6987,54.6,40.5,59.7,100.91,186.39,26.10,41.15,4547.9,10.47
593,6988,54.6,40.5,59.8,102.33,187.68,24.74,40.33,4632.2,9.65
594,6990,54.7,40.4,59.8,101.30,186.61,24.70,37.83,4500.8,10.12
595,6992,54.7,40.3,59.8,101.12,186.57,24.71,39.41,4673.0,9.95
596,6993,54.8,40.3,59.9,101.88,187.46,25.57,40.62,4588.3,10.29
597,6995,54.8,40.2,59.9,101.58,187.44,24.35,39.97,4595.4,10.16
598,6997,54.9,40.1,59.9,101.29,186.43,24.78,42.48,4595.0,10.74
599,6998,54.9,40.1,60.0,101.52,187.30,24.84,39.57,4630.7,10.49
600,7000,55.0,40.0,60.0,101.23,187.24,25.41,39.29,4743.9,10.22
601,7001,55.0,40.0,60.0,102.02,187.93,25.80,42.70,4584.0,10.42
602,7001,55.1,39.9,60.1,101.28,186.70,25.07,42.61,4649.1,10.66
603,7002,55.1,39.9,60.1,100.83,186.07,24.05,41.45,4688.2,11.02
604,7003,55.2,39.8,60.1,101.24,187.06,24.99,42.12,4609.6,10.75
605,7003,55.2,39.8,60.2,101.72,187.00,24.80,38.59,4652.1,10.54
606,7004,55.3,39.7,60.2,100.75,186.30,25.41,40.64,4784.0,10.92
607,7005,55.3,39.7,60.2,101.40,187.45,24.52,39.87,4754.5,9.83
608,7005,55.4,39.6,60.3,101.66,187.84,24.99,41.52,4710.2,10.44
609,7006,55.4,39.6,60.3,101.50,187.62,26.10,42.44,4698.9,9.87
610,7007,55.5,39.5,60.3,100.78,186.72,24.45,41.55,4784.3,10.36
611,7007,55.5,39.5,60.4,101.36,187.40,24.48,39.91,4757.5,10.28
612,7008,55.6,39.4,60.4,101.35,187.50,24.77,41.23,4849.0,10.74
613,7009,55.6,39.4,60.4,99.97,185.74,25.63,38.08,4783.3,11.43
614,7009,55.7,39.3,60.5,100.48,186.67,24.47,38.85,4769.3,11.43
615,7010,55.7,39.3,60.5,100.92,187.50,25.46,40.54,4786.6,10.08
616,7011,55.8,39.2,60.5,101.93,187.63,24.36,41.37,4809.7,10.38
617,7011,55.8,39.2,60.6,101.51,187.40,23.79,39.02,4918.0,11.30
618,7012,55.9,39.1,60.6,101.25,187.27,25.68,41.88,4726.5,10.74
619,7013,55.9,39.1,60.6,101.13,187.24,24.24,39.29,4818.1,11.59
620,7013,56.0,39.0,60.7,100.73,186.21,24.99,39.79,4850.1,10.05
621,7014,56.0,39.0,60.7,101.41,187.53,25.18,39.19,4831.8,10.19
622,7015,56.1,38.9,60.7,101.28,187.65,24.64,39.20,4863.8,11.47
623,7015,56.1,38.9,60.8,100.74,186.74,24.38,38.51,4825.9,9.78
624,7016,56.2,38.8,60.8,102.12,188.53,25.69,42.49,4892.9,10.50
625,7017,56.2,38.8,60.8,101.34,187.14,24.42,41.00,4891.6,9.85
626,7017,56.3,38.7,60.9,101.56,187.92,25.18,39.25,4883.6,10.91
627,7018,56.3,38.7,60.9,100.91,186.45,25.23,38.87,4984.5,9.57
628,7019,56.4,38.6,60.9,100.82,186.85,25.04,40.63,4872.7,9.98
629,7019,56.4,38.6,61.0,101.62,187.71,24.99,37.90,4958.2,10.25
630,7020,56.5,38.5,61.0,101.01,186.90,25.19,41.42,4896.7,10.80
631,7021,56.5,38.5,61.0,101.60,188.28,25.58,39.22,4867.7,12.36
632,7021,56.6,38.4,61.1,100.81,187.11,24.95,40.90,4987.7,11.39
633,7022,56.6,38.4,61.1,100.94,187.19,25.51,42.29,4990.7,11.28
634,7023,56.7,38.3,61.1,101.58,187.66,24.34,40.37,5020.6,10.34
635,7023,56.7,38.3,61.2,100.95,187.08,24.79,41.47,4968.6,11.07
636,7024,56.8,38.2,61.2,101.42,188.16,24.12,40.54,5036.4,11.27
637,7025,56.8,38.2,61.2,101.62,187.66,24.73,41.05,4974.7,10.27
638,7025,56.9,38.1,61.3,100.70,186.63,25.17,40.19,4983.8,10.17
639,7026,56.9,38.1,61.3,101.42,187.64,25.09,40.73,5001.2,10.48
640,7027,57.0,38.0,61.3,100.95,187.11,24.08,38.22,4990.4,9.92
641,7027,57.0,38.0,61.4,101.75,188.07,25.08,39.48,5104.1,10.81
642,7028,57.1,37.9,61.4,101.27,187.36,24.42,40.27,5063.5,10.08
643,7029,57.1,37.9,61.4,100.90,186.75,25.24,39.23,5088.4,11.01
644,7029,57.2,37.8,61.5,101.06,187.49,25.70,40.68,5028.2,11.61
645,7030,57.2,37.8,61.5,100.92,187.33,25.11,42.02,5072.1,11.18
646,7031,57.3,37.7,61.5,101.56,188.01,25.40,40.32,5072.6,10.00
647,7031,57.3,37.7,61.6,102.38,189.02,24.65,41.88,5057.9,9.54
648,7032,57.4,37.6,61.6,101.46,187.67,24.70,40.05,5039.4,10.33
649,7033,57.4,37.6,61.6,100.87,186.83,24.52,39.95,5054.1,11.27
650,7033,57.5,37.5,61.7,100.82,187.74,24.43,40.10,5059.9,10.10
651,7034,57.5,37.5,61.7,101.45,188.05,25.64,42.00,5137.0,10.76
652,7035,57.6,37.4,61.7,100.89,187.72,25.27,41.42,5038.1,11.03
653,7035,57.6,37.4,61.8,100.85,187.37,25.07,41.33,5113.0,10.74
654,7036,57.7,37.3,61.8,101.80,188.40,25.37,42.38,5147.3,11.44
655,7037,57.7,37.3,61.8,101.59,188.18,25.54,43.84,5101.0,10.06
656,7037,57.8,37.2,61.9,101.93,188.51,24.79,39.53,5177.2,11.25
657,7038,57.8,37.2,61.9,102.10,188.61,25.45,43.01,5102.7,9.83
658,7039,57.9,37.1,61.9,101.41,187.78,24.79,39.57,5118.9,10.60
659,7039,57.9,37.1,62.0,100.79,187.46,25.06,41.82,5196.2,11.01
660,7040,58.0,37.0,62.0,101.60,187.90,24.75,40.66,5216.4,11.26
661,7041,58.0,37.0,62.0,101.22,187.74,25.12,39.32,5231.7,11.21
662,7041,58.1,36.9,62.1,101.67,188.57,25.50,38.83,5125.9,10.84
663,7042,58.1,36.9,62.1,100.92,187.49,25.59,41.58,5301.9,10.85
664,7043,58.2,36.8,62.1,101.40,187.73,24.30,38.85,5137.2,10.78
665,7043,58.2,36.8,62.2,101.48,188.20,24.64,40.36,5193.2,11.03
666,7044,58.3,36.7,62.2,101.59,188.03,25.29,42.64,5168.3,10.91
667,7045,58.3,36.7,62.2,101.34,188.02,24.57,38.66,5289.1,10.49
668,7045,58.4,36.6,62.3,101.63,188.66,24.98,42.94,5275.4,10.22
669,7046,58.4,36.6,62.3,101.20,188.34,25.02,39.38,5201.9,10.88
670,7047,58.5,36.5,62.3,100.95,187.93,24.99,41.62,5338.0,10.21
671,7047,58.5,36.5,62.4,101.23,187.36,24.55,38.48,5305.3,9.86
672,7048,58.6,36.4,62.4,101.45,188.35,24.63,40.88,5261.5,9.86
673,7049,58.6,36.4,62.4,101.24,187.80,25.05,40.64,5311.8,11.03
674,7049,58.7,36.3,62.5,101.68,188.29,25.33,41.27,5311.5,10.89
675,7050,58.7,36.3,62.5,100.44,187.78,24.54,39.20,5243.5,10.56
676,7051,58.8,36.2,62.5,102.00,188.59,24.66,39.28,5396.1,11.02
677,7051,58.8,36.2,62.6,101.41,187.97,25.66,41.62,5326.7,10.32
678,7052,58.9,36.1,62.6,101.35,188.23,25.00,40.65,5490.5,11.88
679,7053,58.9,36.1,62.6,101.37,187.91,24.47,41.08,5338.2,9.79
680,7053,59.0,36.0,62.7,101.46,188.34,24.80,42.63,5331.5,11.24
681,7054,59.0,36.0,62.7,101.61,188.40,24.74,39.88,5335.4,11.48
682,7055,59.1,35.9,62.7,101.27,188.43,25.15,41.07,5499.4,10.37
683,7055,59.1,35.9,62.8,101.63,187.78,25.65,39.74,5345.3,9.95
684,7056,59.2,35.8,62.8,101.80,188.60,25.11,38.74,5377.2,11.43
685,7057,59.2,35.8,62.8,100.78,187.77,25.24,40.99,5431.8,11.56
686,7057,59.3,35.7,62.9,101.90,188.79,25.05,41.73,5391.0,11.48
687,7058,59.3,35.7,62.9,102.05,189.01,25.00,41.18,5328.6,10.28
688,7059,59.4,35.6,62.9,102.12,189.37,24.54,40.35,5400.0,11.17
689,7059,59.4,35.6,63.0,101.87,188.67,25.50,40.39,5519.5,11.10
690,7060,59.5,35.5,63.0,101.49,188.30,25.11,41.63,5422.5,10.54
691,7061,59.5,35.5,63.0,102.00,189.39,24.67,38.74,5392.0,10.03
692,7061,59.6,35.4,63.1,101.19,188.15,24.31,40.15,5469.1,9.06
693,7062,59.6,35.4,63.1,101.94,188.57,23.56,39.42,5447.9,11.23
694,7063,59.7,35.3,63.1,101.39,188.79,25.84,42.22,5488.3,10.07
695,7063,59.7,35.3,63.2,100.90,187.92,24.88,39.86,5475.3,11.74
696,7064,59.8,35.2,63.2,100.71,187.85,25.34,41.07,5472.8,10.36
697,7065,59.8,35.2,63.2,101.06,187.96,24.65,40.05,5518.9,10.01
698,7065,59.9,35.1,63.3,100.99,188.31,25.19,42.67,5591.9,10.01
699,7066,59.9,35.1,63.3,101.25,188.51,25.44,42.27,5548.0,10.87
700,7067,60.0,35.0,63.3,101.26,188.57,24.55,40.71,5642.6,11.76
701,7067,60.0,35.0,63.4,101.73,189.26,25.26,42.20,5537.4,12.00
702,7068,60.1,34.9,63.4,100.66,187.72,25.09,39.78,5521.8,10.12
703,7069,60.1,34.9,63.4,100.81,188.20,25.85,42.34,5569.5,10.01
704,7069,60.2,34.8,63.5,100.96,188.17,24.59,41.45,5548.9,11.27
705,7070,60.2,34.8,63.5,101.50,188.67,25.86,39.27,5644.9,11.10
706,7071,60.3,34.7,63.5,101.15,188.16,25.09,39.67,5527.1,10.53
707,7071,60.3,34.7,63.6,101.23,187.77,24.70,41.06,5570.1,10.63
708,7072,60.4,34.6,63.6,101.66,189.32,24.63,41.77,5554.6,9.81
709,7073,60.4,34.6,63.6,101.51,188.79,25.06,41.79,5653.5,10.74
710,7073,60.5,34.5,63.7,101.10,188.13,24.06,40.57,5676.2,10.35
711,7074,60.5,34.5,63.7,101.70,188.86,25.04,40.98,5546.3,10.75
712,7075,60.6,34.4,63.7,101.88,188.94,25.26,41.32,5649.5,11.05
713,7075,60.6,34.4,63.8,101.66,188.65,25.50,41.40,5622.6,10.90
714,7076,60.7,34.3,63.8,101.28,188.72,24.41,38.06,5694.5,10.72
715,7077,60.7,34.3,63.8,101.18,188.86,25.65,43.04,5678.6,11.75
716,7077,60.8,34.2,63.9,101.53,188.61,23.66,39.86,5661.0,10.42
717,7078,60.8,34.2,63.9,100.31,187.87,24.90,39.90,5635.1,10.20
718,7079,60.9,34.1,63.9,100.96,187.98,24.29,39.76,5739.0,10.69
719,7079,60.9,34.1,64.0,100.60,187.79,24.55,40.68,5747.3,10.87
720,7080,61.0,34.0,64.0,102.04,189.37,25.26,40.09,5709.2,10.82
721,7081,61.0,34.0,64.0,102.16,189.16,24.93,40.68,5736.8,10.45
722,7081,61.1,33.9,64.1,101.31,188.70,24.64,41.25,5704.2,10.35
723,7082,61.1,33.9,64.1,101.64,189.43,24.62,41.10,5794.2,10.86
724,7083,61.2,33.8,64.1,101.34,189.24,25.77,40.33,5700.1,10.72
725,7083,61.2,33.8,64.2,101.27,188.12,24.16,41.12,5795.3,11.12
726,7084,61.3,33.7,64.2,100.94,188.03,24.90,42.30,5771.4,10.97
727,7085,61.3,33.7,64.2,101.77,189.31,25.09,41.34,5860.5,10.81
728,7085,61.4,33.6,64.3,101.26,188.48,25.34,42.22,5820.4,10.64
729,7086,61.4,33.6,64.3,101.73,188.17,24.14,40.36,5885.0,10.37
730,7087,61.5,33.5,64.3,101.43,188.86,25.03,40.32,5803.4,10.55
731,7087,61.5,33.5,64.4,101.70,188.71,25.12,40.33,5761.5,10.99
732,7088,61.6,33.4,64.4,101.36,188.52,24.99,40.42,5838.4,9.94
733,7089,61.6,33.4,64.4,100.18,187.56,24.25,40.31,5870.5,10.74
734,7089,61.7,33.3,64.5,101.22,188.67,25.56,40.75,5915.0,10.93
735,7090,61.7,33.3,64.5,101.56,189.68,25.23,40.35,5894.6,11.59
736,7091,61.8,33.2,64.5,101.19,188.89,24.96,41.31,5842.0,10.97
737,7091,61.8,33.2,64.6,101.98,189.66,24.33,40.34,5876.8,10.78
738,7092,61.9,33.1,64.6,101.40,189.07,24.15,38.03,5865.8,11.80
739,7093,61.9,33.1,64.6,101.84,189.57,24.73,38.47,5906.6,11.27
740,7093,62.0,33.0,64.7,102.00,189.53,25.04,38.63,5899.6,10.60
741,7094,62.0,33.0,64.7,101.16,188.50,25.71,43.40,5899.9,10.33
742,7095,62.1,32.9,64.7,101.13,189.18,25.12,41.61,5981.3,10.41
743,7095,62.1,32.9,64.8,101.18,189.36,25.55,40.54,5926.2,11.29
744,7096,62.2,32.8,64.8,101.21,189.07,24.99,40.80,5876.7,10.60
745,7097,62.2,32.8,64.8,101.33,189.03,25.54,39.69,6024.2,11.05
746,7097,62.3,32.7,64.9,101.03,188.38,24.54,41.27,5939.7,10.23
747,7098,62.3,32.7,64.9,101.03,188.53,24.85,40.18,5944.3,10.77
748,7099,62.4,32.6,64.9,101.41,188.96,25.24,40.44,5958.9,10.72
749,7099,62.4,32.6,65.0,100.61,188.06,24.67,39.22,5921.6,10.86
750,7100,62.5,32.5,65.0,100.94,188.95,26.04,43.02,6041.4,11.18
751,7101,62.5,32.5,65.0,101.43,189.07,25.06,40.44,5932.9,9.68
752,7101,62.6,32.4,65.1,100.97,188.85,24.76,38.39,6009.3,10.99
753,7102,62.6,32.4,65.1,101.61,189.46,26.20,40.95,6056.4,11.80
754,7103,62.7,32.3,65.1,101.05,188.77,24.63,40.27,5983.3,10.75
755,7103,62.7,32.3,65.2,101.30,188.76,25.56,42.41,6070.9,10.60
756,7104,62.8,32.2,65.2,100.88,188.13,25.16,41.61,6059.6,10.58
757,7105,62.8,32.2,65.2,102.08,190.78,24.56,40.76,6207.8,10.29
758,7105,62.9,32.1,65.3,101.13,189.19,25.05,39.58,5964.0,10.90
759,7106,62.9,32.1,65.3,101.04,188.78,25.11,38.19,6209.3,10.99
760,7107,63.0,32.0,65.3,100.92,188.85,24.79,37.21,6022.3,10.44
761,7107,63.0,32.0,65.4,101.64,189.47,24.89,41.51,6062.7,11.11
762,7108,63.1,31.9,65.4,101.57,189.01,24.90,42.22,6033.6,9.76
763,7109,63.1,31.9,65.4,101.36,189.30,24.83,41.16,6150.3,10.51
764,7109,63.2,31.8,65.5,101.38,189.80,25.42,41.90,6050.6,11.90
765,7110,63.2,31.8,65.5,101.18,188.55,25.44,43.24,6034.2,10.76
766,7111,63.3,31.7,65.5,101.75,189.43,24.75,42.42,6106.1,10.84
767,7111,63.3,31.7,65.6,101.94,190.04,24.47,42.10,6188.2,10.01
768,7112,63.4,31.6,65.6,101.50,189.27,24.61,39.10,6143.1,12.10
769,7113,63.4,31.6,65.6,101.05,189.16,25.60,41.81,6203.1,11.48
770,7113,63.5,31.5,65.7,101.32,189.37,24.94,39.58,6181.2,10.31
771,7114,63.5,31.5,65.7,101.02,188.98,24.88,41.87,6181.3,11.24
772,7115,63.6,31.4,65.7,101.19,189.12,24.83,40.97,6170.2,10.04
773,7115,63.6,31.4,65.8,101.45,189.56,24.46,39.79,6147.1,10.85
774,7116,63.7,31.3,65.8,100.81,188.49,25.00,41.31,6135.5,11.17
775,7117,63.7,31.3,65.8,101.45,189.41,24.75,39.48,6242.9,10.78
776,7117,63.8,31.2,65.9,101.23,189.22,24.50,43.69,6081.6,9.73
777,7118,63.8,31.2,65.9,101.09,189.19,25.89,42.35,6273.6,11.27
778,7119,63.9,31.1,65.9,101.34,188.80,25.13,41.24,6180.6,12.40
779,7119,63.9,31.1,66.0,101.80,189.46,25.77,41.78,6278.4,11.60
780,7120,64.0,31.0,66.0,101.57,189.68,24.67,40.33,6236.5,10.64
781,7121,64.0,31.0,66.0,100.66,188.80,25.49,42.79,6262.1,11.89
782,7121,64.1,30.9,66.1,101.24,189.26,25.20,41.91,6177.3,11.31
783,7122,64.1,30.9,66.1,101.85,190.11,25.50,41.42,6392.1,10.95
784,7123,64.2,30.8,66.1,100.87,188.49,26.00,42.15,6242.9,10.86
785,7123,64.2,30.8,66.2,100.50,189.20,25.35,41.83,6231.1,11.61
786,7124,64.3,30.7,66.2,101.48,189.96,23.90,40.48,6304.1,11.57
787,7125,64.3,30.7,66.2,100.95,189.06,24.77,41.08,6354.9,10.80
788,7125,64.4,30.6,66.3,101.09,189.11,25.58,41.26,6233.8,11.45
789,7126,64.4,30.6,66.3,101.91,189.66,25.05,40.65,6307.5,10.67
790,7127,64.5,30.5,66.3,101.79,190.51,24.88,40.33,6442.5,10.01
791,7127,64.5,30.5,66.4,100.87,188.81,25.05,41.81,6480.9,12.05
792,7128,64.6,30.4,66.4,101.60,189.68,24.67,40.34,6412.6,11.62
793,7129,64.6,30.4,66.4,101.55,189.21,24.72,42.35,6355.9,10.82
794,7129,64.7,30.3,66.5,102.39,190.62,25.71,43.80,6342.4,11.60
795,7130,64.7,30.3,66.5,100.39,188.39,25.32,41.92,6308.6,11.85
796,7131,64.8,30.2,66.5,101.38,189.04,24.56,41.08,6440.4,9.84
797,7131,64.8,30.2,66.6,102.03,189.88,24.87,42.82,6422.7,11.46
798,7132,64.9,30.1,66.6,101.34,189.23,24.93,42.37,6452.6,11.21
799,7133,64.9,30.1,66.6,101.16,189.20,24.78,39.42,6414.2,10.35
800,7133,65.0,30.0,66.7,101.21,189.25,25.35,40.13,6456.5,11.42
801,7134,65.0,30.0,66.7,101.97,190.40,25.39,41.38,6488.7,10.33
802,7135,65.1,29.9,66.7,101.97,190.28,26.05,43.06,6431.0,12.37
803,7135,65.1,29.9,66.8,100.95,189.32,24.64,40.78,6462.4,11.03
804,7136,65.2,29.8,66.8,101.26,189.34,24.74,42.16,6374.2,11.14
805,7137,65.2,29.8,66.8,100.49,188.78,25.14,39.63,6506.3,10.11
806,7137,65.3,29.7,66.9,102.58,191.23,24.50,40.27,6396.7,11.12
807,7138,65.3,29.7,66.9,100.74,189.10,25.40,41.61,6521.2,10.78
808,7139,65.4,29.6,66.9,101.51,189.63,24.39,41.08,6523.6,11.88
809,7139,65.4,29.6,67.0,101.77,190.64,24.24,40.73,6580.1,11.99
810,7140,65.5,29.5,67.0,101.87,190.13,25.34,42.19,6527.9,10.84
811,7141,65.5,29.5,67.0,100.77,188.96,25.16,42.35,6624.7,11.20
812,7141,65.6,29.4,67.1,101.90,190.06,24.95,40.27,6580.6,11.70
813,7142,65.6,29.4,67.1,100.98,189.73,24.34,41.68,6531.1,9.75
814,7143,65.7,29.3,67.1,101.02,189.71,25.13,38.42,6513.5,10.41
815,7143,65.7,29.3,67.2,101.77,190.76,25.34,42.98,6588.4,10.76
816,7144,65.8,29.2,67.2,101.35,189.54,24.82,40.33,6602.8,11.49
817,7145,65.8,29.2,67.2,101.08,189.44,24.05,40.59,6577.4,11.16
818,7145,65.9,29.1,67.3,101.52,189.90,24.52,39.73,6602.8,11.02
819,7146,65.9,29.1,67.3,101.06,189.47,24.34,39.78,6554.0,10.18
820,7147,66.0,29.0,67.3,101.52,190.13,24.92,40.59,6528.9,11.77
821,7147,66.0,29.0,67.4,101.48,189.83,25.14,40.90,6636.6,10.91
822,7148,66.1,28.9,67.4,101.04,189.26,24.76,39.20,6584.8,11.33
823,7149,66.1,28.9,67.4,100.79,189.50,25.20,40.93,6694.8,11.07
824,7149,66.2,28.8,67.5,101.19,189.87,24.43,41.05,6677.8,11.16
825,7150,66.2,28.8,67.5,101.19,189.58,24.40,40.10,6566.2,10.97
826,7151,66.3,28.7,67.5,101.80,190.74,23.98,37.37,6672.1,10.34
827,7151,66.3,28.7,67.6,102.37,190.66,24.84,42.40,6745.3,10.96
828,7152,66.4,28.6,67.6,101.67,190.32,25.44,42.52,6668.3,10.42
829,7153,66.4,28.6,67.6,101.05,189.72,24.39,39.16,6688.7,11.30
830,7153,66.5,28.5,67.7,101.85,190.59,25.72,43.25,6461.6,11.95
831,7154,66.5,28.5,67.7,100.99,189.82,24.34,39.67,6710.7,11.67
832,7155,66.6,28.4,67.7,101.16,190.38,24.79,42.09,6723.4,11.24
833,7155,66.6,28.4,67.8,101.16,189.62,24.89,39.22,6733.5,11.64
834,7156,66.7,28.3,67.8,101.12,190.09,24.48,38.09,6642.3,11.53
835,7157,66.7,28.3,67.8,100.74,189.53,25.48,40.52,6845.8,10.75
836,7157,66.8,28.2,67.9,100.74,189.74,25.21,40.32,6695.4,11.20
837,7158,66.8,28.2,67.9,101.03,189.75,24.65,38.65,6721.8,11.72
838,7159,66.9,28.1,67.9,101.62,190.34,26.41,43.05,6678.9,10.49
839,7159,66.9,28.1,68.0,100.94,189.60,24.17,38.80,6675.0,11.31
840,7160,67.0,28.0,68.0,101.26,190.12,24.50,41.21,6864.5,11.35
841,7161,67.0,28.0,68.0,101.57,190.31,24.92,41.46,6684.3,11.53
842,7161,67.1,27.9,68.1,101.67,190.32,25.57,41.77,6808.6,10.92
843,7162,67.1,27.9,68.1,101.88,190.48,24.15,39.83,6926.1,12.07
844,7163,67.2,27.8,68.1,101.71,189.92,24.88,40.30,6752.3,11.21
845,7163,67.2,27.8,68.2,101.19,189.69,26.16,42.23,6751.5,11.01
846,7164,67.3,27.7,68.2,101.68,190.72,25.58,41.99,6795.7,11.04
847,7165,67.3,27.7,68.2,100.99,189.75,25.34,40.68,6906.3,11.49
848,7165,67.4,27.6,68.3,101.12,190.30,25.21,41.67,6875.9,11.31
849,7166,67.4,27.6,68.3,100.96,189.60,25.13,42.20,6907.7,11.19
850,7167,67.5,27.5,68.3,101.21,189.88,25.01,41.47,6841.5,10.92
851,7167,67.5,27.5,68.4,101.10,190.08,24.26,40.60,6905.8,11.49
852,7168,67.6,27.4,68.4,101.08,190.09,24.45,39.54,6809.2,11.82
853,7169,67.6,27.4,68.4,101.04,189.82,25.32,39.61,6835.1,10.99
854,7169,67.7,27.3,68.5,101.96,190.84,24.74,40.89,6775.9,11.87
855,7170,67.7,27.3,68.5,100.87,189.90,24.69,38.97,6939.5,10.92
856,7171,67.8,27.2,68.5,101.43,191.00,24.18,38.42,7005.4,10.63
857,7171,67.8,27.2,68.6,100.94,189.48,25.41,40.54,6962.1,12.03
858,7172,67.9,27.1,68.6,101.04,190.31,25.41,43.23,6934.2,11.11
859,7173,67.9,27.1,68.6,101.89,191.24,25.13,40.13,6866.0,10.73
860,7173,68.0,27.0,68.7,100.90,189.87,24.40,41.29,6919.0,9.82
861,7174,68.0,27.0,68.7,101.03,190.25,25.26,39.81,6911.2,11.51
862,7175,68.1,26.9,68.7,101.42,190.10,25.06,42.86,7069.5,12.60
863,7175,68.1,26.9,68.8,100.89,189.79,24.53,39.83,6958.6,10.33
864,7176,68.2,26.8,68.8,101.75,191.49,25.22,41.49,6901.2,11.78
865,7177,68.2,26.8,68.8,100.96,190.29,24.88,40.48,6887.4,11.90
866,7177,68.3,26.7,68.9,101.77,190.62,25.28,41.32,7100.3,11.82
867,7178,68.3,26.7,68.9,100.90,190.26,25.25,43.00,7123.5,11.07
868,7179,68.4,26.6,68.9,101.59,190.58,25.50,41.10,7042.1,11.94
869,7179,68.4,26.6,69.0,101.34,190.50,25.51,41.45,7100.8,11.75
870,7180,68.5,26.5,69.0,100.96,190.38,25.74,42.40,7007.5,11.64
871,7181,68.5,26.5,69.0,101.82,190.51,25.07,42.98,7115.2,10.99
872,7181,68.6,26.4,69.1,101.01,190.37,24.29,39.85,7093.5,11.02
873,7182,68.6,26.4,69.1,100.62,190.25,25.16,40.62,7093.9,12.30
874,7183,68.7,26.3,69.1,101.40,190.68,25.80,42.04,7111.3,10.77
875,7183,68.7,26.3,69.2,101.47,190.66,24.68,39.76,7148.5,10.40
876,7184,68.8,26.2,69.2,100.97,189.99,25.25,42.61,7098.5,10.80
877,7185,68.8,26.2,69.2,101.14,190.52,24.48,39.58,7089.9,11.68
878,7185,68.9,26.1,69.3,100.89,190.12,24.54,40.28,7129.6,12.20
879,7186,68.9,26.1,69.3,101.25,190.35,24.24,40.52,7241.8,12.04
880,7187,69.0,26.0,69.3,102.44,191.61,25.10,39.85,7231.9,12.54
881,7187,69.0,26.0,69.4,101.68,191.13,24.93,37.96,7218.1,12.19
882,7188,69.1,25.9,69.4,101.40,190.44,25.43,41.86,7100.0,11.56
883,7189,69.1,25.9,69.4,100.85,190.12,24.95,39.77,7157.3,12.48
884,7189,69.2,25.8,69.5,101.27,190.66,25.74,40.88,7106.4,11.34
885,7190,69.2,25.8,69.5,101.72,191.16,25.08,41.50,7199.6,12.54
886,7191,69.3,25.7,69.5,101.07,190.22,25.52,42.30,7170.1,11.74
887,7191,69.3,25.7,69.6,101.52,191.04,25.05,40.98,7255.1,11.74
888,7192,69.4,25.6,69.6,101.11,190.36,24.14,40.94,7347.7,11.39
889,7193,69.4,25.6,69.6,100.59,190.00,25.30,40.54,7265.4,11.75
890,7193,69.5,25.5,69.7,101.51,190.81,23.41,39.60,7201.2,11.52
891,7194,69.5,25.5,69.7,100.77,190.31,25.20,43.18,7349.7,10.99
892,7195,69.6,25.4,69.7,101.31,190.55,25.25,42.39,7387.2,11.16
893,7195,69.6,25.4,69.8,101.31,190.34,24.43,41.81,7288.8,11.14
894,7196,69.7,25.3,69.8,101.34,190.73,25.49,41.01,7123.9,10.81
895,7197,69.7,25.3,69.8,101.25,190.60,25.62,40.87,7280.0,12.10
896,7197,69.8,25.2,69.9,101.99,191.14,24.80,41.71,7372.2,12.20
897,7198,69.8,25.2,69.9,100.77,190.54,25.00,39.14,7294.4,11.15
898,7199,69.9,25.1,69.9,100.98,190.84,25.27,42.74,7206.8,10.97
899,7199,69.9,25.1,70.0,101.48,190.97,25.43,42.33,7397.4,11.59
900,7200,70.0,25.0,70.0,101.33,190.88,25.99,43.64,7231.8,10.87
901,7201,70.0,25.0,70.0,101.84,191.22,24.93,40.46,7325.3,11.70
902,7202,70.1,24.9,70.1,100.82,189.82,23.80,38.65,7294.5,12.24
903,7203,70.1,24.9,70.1,101.29,191.18,25.66,41.11,7343.6,11.94
904,7204,70.1,24.9,70.1,100.52,190.38,25.06,40.13,7403.7,11.64
905,7205,70.2,24.8,70.2,101.37,190.67,24.91,41.41,7370.9,11.98
906,7206,70.2,24.8,70.2,100.87,190.60,25.62,41.03,7472.1,11.83
907,7207,70.2,24.8,70.2,101.72,191.76,25.14,42.96,7341.1,12.35
908,7208,70.3,24.7,70.3,101.42,191.15,24.66,40.40,7462.8,10.34
909,7209,70.3,24.7,70.3,101.64,191.66,25.67,41.09,7532.5,11.45
910,7210,70.3,24.7,70.3,101.73,191.20,23.82,39.69,7430.4,10.91
911,7211,70.4,24.6,70.4,101.69,190.97,25.14,39.83,7437.4,13.04
912,7212,70.4,24.6,70.4,101.49,190.91,23.93,38.94,7528.6,10.99
913,7213,70.4,24.6,70.4,100.84,190.84,25.21,41.23,7408.2,10.07
914,7214,70.5,24.5,70.5,101.69,191.63,25.07,39.51,7475.9,11.65
915,7215,70.5,24.5,70.5,101.11,191.03,24.64,38.40,7413.2,11.19
916,7216,70.5,24.5,70.5,101.79,191.82,24.97,40.49,7584.2,11.91
917,7217,70.6,24.4,70.6,100.91,190.56,25.58,42.32,7566.8,11.32
918,7218,70.6,24.4,70.6,101.52,191.10,25.14,41.30,7533.7,12.58
919,7219,70.6,24.4,70.6,101.49,191.41,25.26,39.77,7525.2,10.72
920,7220,70.7,24.3,70.7,101.46,191.24,24.00,38.88,7513.4,11.92
921,7221,70.7,24.3,70.7,101.04,190.69,25.13,41.14,7473.8,11.51
922,7222,70.7,24.3,70.7,101.36,191.39,24.69,42.87,7532.0,11.26
923,7223,70.8,24.2,70.8,100.68,190.34,25.46,42.53,7476.7,11.74
924,7224,70.8,24.2,70.8,101.44,191.13,25.54,38.58,7475.1,11.39
925,7225,70.8,24.2,70.8,101.82,191.76,25.62,43.55,7419.4,11.90
926,7226,70.9,24.1,70.9,101.00,190.87,25.20,41.86,7610.1,10.83
927,7227,70.9,24.1,70.9,100.89,190.83,25.13,41.18,7644.8,12.58
928,7228,70.9,24.1,70.9,100.77,190.50,25.57,41.92,7568.4,12.02
929,7229,71.0,24.0,71.0,101.79,192.11,25.39,40.80,7452.4,12.01
930,7230,71.0,24.0,71.0,101.20,191.12,24.61,39.71,7676.2,10.45
931,7231,71.0,24.0,71.0,101.21,191.29,25.25,42.75,7557.4,12.46
932,7232,71.1,23.9,71.1,101.38,191.25,25.37,41.62,7660.8,12.21
933,7233,71.1,23.9,71.1,101.61,191.94,25.04,39.78,7733.9,11.86
934,7234,71.1,23.9,71.1,101.13,191.11,25.31,43.55,7429.8,11.05
935,7235,71.2,23.8,71.2,101.05,191.30,24.93,40.85,7572.3,11.37
936,7236,71.2,23.8,71.2,100.97,191.31,25.29,39.63,7663.2,12.63
937,7237,71.2,23.8,71.2,101.52,191.69,25.13,40.02,7745.4,12.64
938,7238,71.3,23.7,71.3,101.20,191.08,24.85,41.81,7584.4,11.45
939,7239,71.3,23.7,71.3,101.36,191.40,25.67,43.06,7599.0,12.09
940,7240,71.3,23.7,71.3,101.38,192.03,23.95,40.46,7799.8,12.54
941,7241,71.4,23.6,71.4,100.92,191.34,25.52,43.23,7514.8,10.60
942,7242,71.4,23.6,71.4,101.36,191.87,24.94,40.81,7790.3,12.48
943,7243,71.4,23.6,71.4,101.06,191.49,24.42,42.77,7602.5,10.87
944,7244,71.5,23.5,71.5,100.94,191.03,25.64,44.70,7666.8,11.88
945,7245,71.5,23.5,71.5,101.59,191.73,25.67,41.90,7647.3,11.98
946,7246,71.5,23.5,71.5,101.22,191.17,25.01,42.36,7630.6,10.62
947,7247,71.6,23.4,71.6,101.11,191.48,24.95,41.18,7713.6,11.91
948,7248,71.6,23.4,71.6,100.63,191.20,25.60,42.20,7742.3,10.68
949,7249,71.6,23.4,71.6,101.49,191.69,25.04,42.86,7742.0,12.72
950,7250,71.7,23.3,71.7,101.50,191.97,24.80,42.75,7787.9,12.33
951,7251,71.7,23.3,71.7,101.09,192.07,25.52,40.27,7761.1,12.41
952,7252,71.7,23.3,71.7,101.41,191.37,24.27,41.76,7819.0,11.30
953,7253,71.8,23.2,71.8,100.77,190.91,25.96,43.35,7781.3,11.69
954,7254,71.8,23.2,71.8,101.02,191.73,25.59,41.40,7640.4,12.06
955,7255,71.8,23.2,71.8,102.02,192.95,24.98,40.90,7740.6,12.62
956,7256,71.9,23.1,71.9,101.45,192.00,24.54,42.10,7824.0,11.53
957,7257,71.9,23.1,71.9,101.16,191.79,24.91,40.45,7789.0,12.22
958,7258,71.9,23.1,71.9,101.65,192.55,25.61,41.34,7790.1,12.19
959,7259,72.0,23.0,72.0,101.29,191.78,24.76,41.85,7754.7,11.59
960,7260,72.0,23.0,72.0,101.64,192.47,24.39,40.85,7905.4,12.48
961,7261,72.0,23.0,72.0,101.09,191.50,24.82,42.76,7648.1,12.25
962,7262,72.1,22.9,72.1,101.64,191.75,25.97,43.32,7844.0,11.57
963,7263,72.1,22.9,72.1,101.56,192.20,25.23,41.42,7963.2,11.66
964,7264,72.1,22.9,72.1,100.48,191.31,24.30,40.43,8051.4,11.40
965,7265,72.2,22.8,72.2,101.09,191.88,24.69,42.11,7808.0,11.52
966,7266,72.2,22.8,72.2,102.05,193.13,25.13,44.38,7803.6,11.45
967,7267,72.2,22.8,72.2,100.98,192.21,24.69,42.48,7732.6,11.46
968,7268,72.3,22.7,72.3,100.98,191.96,25.60,43.52,7937.4,12.06
969,7269,72.3,22.7,72.3,100.24,191.23,25.02,41.01,7960.9,11.45
970,7270,72.3,22.7,72.3,101.76,193.28,24.90,40.32,7874.1,12.98
971,7271,72.4,22.6,72.4,101.09,191.63,25.21,42.31,7925.1,12.36
972,7272,72.4,22.6,72.4,101.52,192.66,25.26,43.05,7930.4,12.37
973,7273,72.4,22.6,72.4,101.09,192.32,24.71,40.91,8092.5,11.44
974,7274,72.5,22.5,72.5,100.91,192.12,25.34,42.77,7938.1,11.85
975,7275,72.5,22.5,72.5,101.22,191.44,24.62,42.64,7950.2,11.39
976,7276,72.5,22.5,72.5,102.36,193.12,24.75,40.84,7878.5,10.68
977,7277,72.6,22.4,72.6,100.73,191.97,24.88,38.71,8032.9,12.37
978,7278,72.6,22.4,72.6,101.16,192.54,25.29,40.59,7978.3,12.06
979,7279,72.6,22.4,72.6,100.97,191.77,25.20,44.37,7988.4,11.87
980,7280,72.7,22.3,72.7,100.88,191.94,24.90,40.85,7975.8,11.51
981,7281,72.7,22.3,72.7,101.07,192.60,26.02,41.52,8022.3,11.69
982,7282,72.7,22.3,72.7,101.53,192.48,24.71,41.83,8172.8,10.93
983,7283,72.8,22.2,72.8,101.42,192.53,24.92,40.05,7997.0,13.00
984,7284,72.8,22.2,72.8,101.13,192.87,25.52,41.70,7985.2,12.18
985,7285,72.8,22.2,72.8,101.16,192.33,25.15,42.89,7845.6,13.11
986,7286,72.9,22.1,72.9,102.23,193.80,25.01,40.92,8123.8,10.81
987,7287,72.9,22.1,72.9,100.86,192.34,24.79,39.27,8075.0,12.19
988,7288,72.9,22.1,72.9,100.93,192.48,25.90,42.93,7985.0,12.20
989,7289,73.0,22.0,73.0,100.88,192.08,25.03,41.49,8252.7,11.83
990,7290,73.0,22.0,73.0,101.53,192.58,24.40,38.75,8106.8,11.34
991,7291,73.0,22.0,73.0,101.19,192.34,25.29,42.40,8067.2,12.18
992,7292,73.1,21.9,73.1,101.29,192.27,24.08,39.56,8010.2,11.49
993,7293,73.1,21.9,73.1,101.23,192.49,24.35,40.68,8044.6,12.17
994,7294,73.1,21.9,73.1,101.63,193.15,25.19,41.20,8147.7,12.22
995,7295,73.2,21.8,73.2,100.53,192.29,24.74,41.99,8065.4,10.59
996,7296,73.2,21.8,73.2,100.62,192.04,25.09,42.04,8007.1,11.99
997,7297,73.2,21.8,73.2,101.82,192.90,24.83,40.37,8002.9,11.62
998,7298,73.3,21.7,73.3,101.73,193.46,25.04,41.33,8115.9,11.41
999,7299,73.3,21.7,73.3,100.94,192.49,25.20,41.37,8180.4,12.23
1000,7300,73.3,21.7,73.3,101.62,193.76,24.29,39.28,8124.9,11.27
1001,7301,73.4,21.6,73.4,100.66,192.07,25.42,42.78,8218.7,12.99
1002,7302,73.4,21.6,73.4,101.71,193.13,24.82,42.36,8000.9,12.53
1003,7303,73.4,21.6,73.4,100.74,192.06,24.57,42.64,8192.3,13.10
1004,7304,73.5,21.5,73.5,101.44,193.65,25.22,42.39,8204.1,12.24
1005,7305,73.5,21.5,73.5,101.84,193.71,25.04,41.07,8045.6,12.18
1006,7306,73.5,21.5,73.5,101.48,193.19,25.16,40.27,8204.7,12.31
1007,7307,73.6,21.4,73.6,101.30,193.10,24.59,39.34,8017.4,12.31
1008,7308,73.6,21.4,73.6,101.54,193.87,25.19,42.72,8291.7,13.02
1009,7309,73.6,21.4,73.6,102.21,193.68,24.83,41.92,8213.6,11.08
1010,7310,73.7,21.3,73.7,101.33,193.47,25.53,42.97,8227.3,12.47
1011,7311,73.7,21.3,73.7,101.42,193.41,25.51,41.16,8224.2,12.32
1012,7312,73.7,21.3,73.7,101.41,193.54,24.87,40.29,8191.3,11.51
1013,7313,73.8,21.2,73.8,101.54,193.30,24.70,42.15,8304.5,12.16
1014,7314,73.8,21.2,73.8,102.18,194.57,25.17,42.11,8360.3,12.74
1015,7315,73.8,21.2,73.8,101.16,192.64,25.43,42.23,8307.9,12.44
1016,7316,73.9,21.1,73.9,101.02,192.74,25.54,41.88,8248.4,11.61
1017,7317,73.9,21.1,73.9,101.46,193.20,25.87,43.38,8298.3,11.19
1018,7318,73.9,21.1,73.9,101.93,194.83,24.76,41.34,8333.6,11.28
1019,7319,74.0,21.0,74.0,101.49,193.51,24.46,41.94,8408.4,13.19
1020,7320,74.0,21.0,74.0,101.44,193.38,25.45,41.83,8161.2,10.58
1021,7321,74.0,21.0,74.0,101.85,194.22,24.94,40.53,8205.1,11.92
1022,7322,74.1,20.9,74.1,101.20,193.72,24.69,40.29,8337.3,11.30
1023,7323,74.1,20.9,74.1,100.92,193.13,24.85,43.43,8368.1,12.47
1024,7324,74.1,20.9,74.1,100.74,192.78,25.15,42.13,8346.8,12.33
1025,7325,74.2,20.8,74.2,100.83,192.17,24.44,42.23,8440.1,12.61
1026,7326,74.2,20.8,74.2,101.43,193.57,25.01,39.53,8298.9,12.24
1027,7327,74.2,20.8,74.2,101.06,192.85,24.97,42.64,8280.0,12.61
1028,7328,74.3,20.7,74.3,101.40,193.49,23.99,41.70,8417.9,11.75
1029,7329,74.3,20.7,74.3,100.98,193.35,25.62,42.52,8322.8,12.47
1030,7330,74.3,20.7,74.3,101.17,192.99,25.53,43.54,8389.0,11.86
1031,7331,74.4,20.6,74.4,101.03,192.82,24.74,39.90,8418.8,10.99
1032,7332,74.4,20.6,74.4,100.90,193.09,23.67,40.37,8349.7,11.74
1033,7333,74.4,20.6,74.4,101.65,193.83,25.15,41.81,8343.9,12.45
1034,7334,74.5,20.5,74.5,101.30,193.46,25.35,41.27,8463.1,12.62
1035,7335,74.5,20.5,74.5,101.07,193.54,24.80,40.64,8336.3,11.69
1036,7336,74.5,20.5,74.5,101.42,193.64,24.85,42.48,8444.4,12.71
1037,7337,74.6,20.4,74.6,100.53,192.97,24.02,39.56,8572.9,12.09
1038,7338,74.6,20.4,74.6,100.31,192.17,24.64,42.09,8384.0,11.21
1039,7339,74.6,20.4,74.6,101.79,194.39,24.70,42.53,8383.1,12.25
1040,7340,74.7,20.3,74.7,101.01,193.18,24.46,41.64,8346.1,12.81
1041,7341,74.7,20.3,74.7,101.57,193.63,24.96,41.96,8474.3,12.81
1042,7342,74.7,20.3,74.7,101.40,194.29,25.81,43.70,8527.7,12.66
1043,7343,74.8,20.2,74.8,101.96,194.60,24.66,41.42,8374.6,12.46
1044,7344,74.8,20.2,74.8,101.07,194.02,24.43,41.68,8583.1,12.41
1045,7345,74.8,20.2,74.8,100.99,193.22,25.03,40.91,8524.8,13.15
1046,7346,74.9,20.1,74.9,101.64,193.82,25.30,44.93,8422.1,12.20
1047,7347,74.9,20.1,74.9,101.76,194.11,24.36,39.65,8570.5,11.53
1048,7348,74.9,20.1,74.9,100.96,193.22,24.81,41.98,8639.4,12.77
1049,7349,75.0,20.0,75.0,101.17,194.01,24.61,43.32,8565.1,12.62
1050,7350,75.0,20.0,75.0,100.66,193.52,24.77,40.69,8498.9,11.76
1051,7351,75.0,20.0,75.0,101.50,194.21,25.03,43.94,8583.5,11.51
1052,7352,75.1,19.9,75.1,100.77,193.54,25.29,42.12,8617.4,12.56
1053,7353,75.1,19.9,75.1,101.49,193.70,25.44,44.21,8553.3,12.94
1054,7354,75.1,19.9,75.1,102.09,194.80,25.59,43.08,8447.2,13.14
1055,7355,75.2,19.8,75.2,100.98,193.80,24.88,41.12,8544.0,13.18
1056,7356,75.2,19.8,75.2,101.42,194.22,24.89,38.79,8578.3,11.16
1057,7357,75.2,19.8,75.2,102.18,194.67,24.99,44.17,8652.6,12.31
1058,7358,75.3,19.7,75.3,101.42,193.89,24.57,40.66,8553.9,12.29
1059,7359,75.3,19.7,75.3,101.10,193.92,25.60,45.13,8649.9,11.87
1060,7360,75.3,19.7,75.3,100.91,193.48,24.14,42.91,8716.6,12.04
1061,7361,75.4,19.6,75.4,100.88,192.96,25.85,40.62,8746.0,11.68
1062,7362,75.4,19.6,75.4,101.34,194.08,25.67,42.03,8543.4,12.79
1063,7363,75.4,19.6,75.4,101.87,194.53,25.09,40.94,8634.5,11.83
1064,7364,75.5,19.5,75.5,101.67,194.44,25.10,41.24,8540.1,13.11
1065,7365,75.5,19.5,75.5,100.63,193.92,23.92,42.70,8713.1,12.32
1066,7366,75.5,19.5,75.5,101.43,194.11,25.26,44.42,8621.8,13.06
1067,7367,75.6,19.4,75.6,101.80,194.35,24.89,41.79,8571.6,13.08
1068,7368,75.6,19.4,75.6,101.72,194.52,24.18,42.10,8526.1,12.09
1069,7369,75.6,19.4,75.6,101.62,194.06,24.81,40.19,8803.6,11.86
1070,7370,75.7,19.3,75.7,101.55,194.06,24.89,41.70,8757.2,13.16
1071,7371,75.7,19.3,75.7,100.82,193.41,25.33,42.99,8670.8,11.99
1072,7372,75.7,19.3,75.7,101.50,194.59,23.68,40.10,8604.2,12.85
1073,7373,75.8,19.2,75.8,101.65,194.30,25.12,40.85,8761.5,11.40
1074,7374,75.8,19.2,75.8,101.26,194.76,25.42,40.26,8836.4,12.57
1075,7375,75.8,19.2,75.8,101.64,195.26,25.98,41.88,8969.2,12.61
1076,7376,75.9,19.1,75.9,101.81,194.69,24.24,39.13,8757.8,12.77
1077,7377,75.9,19.1,75.9,101.23,194.16,24.57,42.07,8813.5,12.37
1078,7378,75.9,19.1,75.9,100.65,194.31,25.59,43.64,8862.3,11.15
1079,7379,76.0,19.0,76.0,100.73,194.00,25.58,43.63,8955.3,12.83
1080,7380,76.0,19.0,76.0,101.37,194.29,24.74,41.53,8707.3,12.90
1081,7381,76.0,19.0,76.0,101.63,194.80,24.77,40.42,8836.1,12.12
1082,7382,76.1,18.9,76.1,101.22,194.65,24.19,39.21,8915.4,11.79
1083,7383,76.1,18.9,76.1,101.24,194.48,25.30,42.86,8700.0,12.09
1084,7384,76.1,18.9,76.1,101.16,193.94,24.97,40.83,8851.7,12.59
1085,7385,76.2,18.8,76.2,101.15,194.61,26.42,40.99,8756.8,13.88
1086,7386,76.2,18.8,76.2,100.76,193.75,25.37,42.42,8799.9,12.06
1087,7387,76.2,18.8,76.2,101.00,194.48,25.63,42.12,8826.3,12.03
1088,7388,76.3,18.7,76.3,100.38,193.68,25.19,41.55,8967.5,12.14
1089,7389,76.3,18.7,76.3,101.43,194.89,25.25,42.23,8754.9,13.23
1090,7390,76.3,18.7,76.3,101.29,193.97,24.79,44.00,8786.9,11.68
1091,7391,76.4,18.6,76.4,101.27,194.91,25.34,41.50,8888.1,13.47
1092,7392,76.4,18.6,76.4,101.76,195.64,24.51,39.53,8918.3,12.78
1093,7393,76.4,18.6,76.4,101.31,194.82,24.95,43.64,9023.4,10.66
1094,7394,76.5,18.5,76.5,101.40,194.81,24.51,42.81,8928.3,11.77
1095,7395,76.5,18.5,76.5,101.76,194.72,25.16,42.35,8885.5,12.73
1096,7396,76.5,18.5,76.5,101.53,195.33,24.85,44.18,8874.9,11.80
1097,7397,76.6,18.4,76.6,101.78,195.22,24.53,40.83,9014.9,13.39
1098,7398,76.6,18.4,76.6,100.93,193.89,25.75,42.88,8871.1,12.24
1099,7399,76.6,18.4,76.6,100.47,193.62,25.15,41.40,9043.2,13.48
1100,7400,76.7,18.3,76.7,101.06,194.35,25.65,42.04,8978.0,14.09
1101,7401,76.7,18.3,76.7,100.75,193.72,24.63,43.21,8753.3,12.36
1102,7402,76.7,18.3,76.7,101.05,194.57,25.68,43.05,9013.5,12.42
1103,7403,76.8,18.2,76.8,102.19,196.13,24.63,42.30,9204.2,13.19
1104,7404,76.8,18.2,76.8,101.41,194.96,25.18,41.46,8930.7,12.61
1105,7405,76.8,18.2,76.8,101.31,194.54,25.42,43.24,9079.0,11.53
1106,7406,76.9,18.1,76.9,101.08,195.18,25.50,43.67,8926.0,12.88
1107,7407,76.9,18.1,76.9,100.47,194.21,24.36,41.46,9099.2,11.64
1108,7408,76.9,18.1,76.9,101.51,194.85,24.52,41.90,9057.9,13.07
1109,7409,77.0,18.0,77.0,101.02,194.81,24.89,41.12,9049.4,11.70
1110,7410,77.0,18.0,77.0,100.97,194.70,23.99,41.87,9061.3,12.21
1111,7411,77.0,18.0,77.0,101.90,196.15,25.33,40.99,9089.8,12.50
1112,7412,77.1,17.9,77.1,101.41,195.25,25.41,43.08,9145.7,13.29
1113,7413,77.1,17.9,77.1,101.02,194.75,24.99,42.38,9078.6,12.27
1114,7414,77.1,17.9,77.1,101.17,194.85,25.21,43.19,9181.1,13.63
1115,7415,77.2,17.8,77.2,101.14,195.39,24.28,41.68,9046.5,12.24
1116,7416,77.2,17.8,77.2,102.09,195.85,25.12,42.73,8981.2,12.56
1117,7417,77.2,17.8,77.2,101.43,195.23,24.95,41.82,9151.1,12.86
1118,7418,77.3,17.7,77.3,100.69,194.68,25.88,40.50,9059.3,12.03
1119,7419,77.3,17.7,77.3,100.51,193.90,24.52,42.81,9045.6,12.37
1120,7420,77.3,17.7,77.3,101.23,195.34,25.24,42.21,9163.4,14.18
1121,7421,77.4,17.6,77.4,101.47,195.29,24.57,40.09,9198.2,11.83
1122,7422,77.4,17.6,77.4,101.36,195.18,24.82,43.02,9159.5,12.49
1123,7423,77.4,17.6,77.4,101.42,195.59,24.62,38.59,9197.2,11.44
1124,7424,77.5,17.5,77.5,101.07,195.01,24.14,40.11,9177.0,12.69
1125,7425,77.5,17.5,77.5,100.87,194.58,25.96,42.59,9058.8,12.56
1126,7426,77.5,17.5,77.5,100.99,194.98,24.42,41.47,9122.1,11.94
1127,7427,77.6,17.4,77.6,100.98,194.58,24.21,41.29,9182.0,12.02
1128,7428,77.6,17.4,77.6,101.24,195.46,25.41,41.57,9225.6,11.95
1129,7429,77.6,17.4,77.6,101.64,195.68,24.97,41.68,9274.7,12.55
1130,7430,77.7,17.3,77.7,101.14,195.48,25.21,44.74,9330.9,12.22
1131,7431,77.7,17.3,77.7,101.62,195.43,25.28,42.97,9006.1,12.29
1132,7432,77.7,17.3,77.7,101.60,195.41,24.91,39.74,9072.2,13.02
1133,7433,77.8,17.2,77.8,101.07,195.11,25.00,40.18,9295.2,12.94
1134,7434,77.8,17.2,77.8,101.15,195.31,23.62,42.51,9319.0,12.53
1135,7435,77.8,17.2,77.8,101.37,195.65,25.34,41.54,9413.6,13.29
1136,7436,77.9,17.1,77.9,101.38,195.61,25.49,42.95,9244.6,12.46
1137,7437,77.9,17.1,77.9,101.35,195.88,24.75,42.67,9339.9,13.86
1138,7438,77.9,17.1,77.9,101.27,195.76,24.78,40.41,9166.2,12.23
1139,7439,78.0,17.0,78.0,101.68,195.88,24.07,41.67,9330.3,12.91
1140,7440,78.0,17.0,78.0,100.76,194.78,25.88,42.14,9322.1,12.97
1141,7441,78.0,17.0,78.0,100.75,194.68,25.25,41.86,9416.3,12.54
1142,7442,78.1,16.9,78.1,100.65,195.03,25.59,43.59,9371.6,12.54
1143,7443,78.1,16.9,78.1,101.55,195.70,24.26,42.29,9506.3,12.75
1144,7444,78.1,16.9,78.1,101.04,195.78,25.42,43.00,9256.7,12.74
1145,7445,78.2,16.8,78.2,101.18,195.49,25.01,40.76,9520.4,12.87
1146,7446,78.2,16.8,78.2,100.95,195.58,24.05,41.66,9277.1,12.89
1147,7447,78.2,16.8,78.2,101.52,196.05,25.90,43.05,9357.3,12.97
1148,7448,78.3,16.7,78.3,100.85,196.15,25.09,42.47,9242.0,12.79
1149,7449,78.3,16.7,78.3,100.76,194.79,25.66,43.28,9253.9,12.54
1150,7450,78.3,16.7,78.3,100.97,195.49,24.38,42.45,9370.4,12.27
1151,7451,78.4,16.6,78.4,101.26,195.18,25.40,42.48,9368.7,11.43
1152,7452,78.4,16.6,78.4,101.17,195.45,25.17,43.65,9281.3,12.97
1153,7453,78.4,16.6,78.4,101.03,195.05,25.10,40.93,9498.3,12.93
1154,7454,78.5,16.5,78.5,101.65,196.35,24.87,39.96,9639.8,14.08
1155,7455,78.5,16.5,78.5,101.26,196.04,24.42,41.00,9384.4,12.79
1156,7456,78.5,16.5,78.5,102.00,196.77,24.69,41.24,9298.4,12.93
1157,7457,78.6,16.4,78.6,101.49,196.17,25.45,42.92,9394.1,12.39
1158,7458,78.6,16.4,78.6,101.85,196.69,25.30,43.06,9362.5,12.74
1159,7459,78.6,16.4,78.6,102.02,196.69,25.64,42.59,9392.7,13.46
1160,7460,78.7,16.3,78.7,100.77,195.44,24.76,42.61,9336.8,13.01
1161,7461,78.7,16.3,78.7,101.00,195.35,24.63,41.57,9602.9,12.43
1162,7462,78.7,16.3,78.7,101.47,196.00,25.64,43.80,9466.2,12.93
1163,7463,78.8,16.2,78.8,102.07,197.12,24.46,41.72,9594.6,12.32
1164,7464,78.8,16.2,78.8,100.89,195.53,24.69,42.34,9518.9,12.19
1165,7465,78.8,16.2,78.8,100.44,195.54,23.66,40.94,9479.3,12.97
1166,7466,78.9,16.1,78.9,101.74,196.95,25.54,43.97,9499.4,13.03
1167,7467,78.9,16.1,78.9,101.41,196.62,24.97,39.17,9716.3,11.83
1168,7468,78.9,16.1,78.9,100.97,195.69,25.47,43.63,9566.8,13.18
1169,7469,79.0,16.0,79.0,100.45,196.04,24.81,43.20,9510.5,12.93
1170,7470,79.0,16.0,79.0,101.19,196.09,25.83,41.36,9743.3,13.09
1171,7471,79.0,16.0,79.0,101.10,196.07,24.41,43.48,9641.0,12.17
1172,7472,79.1,15.9,79.1,100.51,195.24,25.11,40.87,9459.4,12.71
1173,7473,79.1,15.9,79.1,101.34,195.99,24.47,41.89,9657.1,11.72
1174,7474,79.1,15.9,79.1,100.97,196.48,24.74,40.78,9701.1,12.93
1175,7475,79.2,15.8,79.2,100.33,195.18,25.63,41.49,9461.1,12.14
1176,7476,79.2,15.8,79.2,101.16,195.85,25.22,40.53,9604.3,12.59
1177,7477,79.2,15.8,79.2,101.06,196.07,24.52,40.57,9672.3,13.62
1178,7478,79.3,15.7,79.3,101.47,196.89,25.20,41.95,9616.6,13.24
1179,7479,79.3,15.7,79.3,102.00,197.18,25.02,44.02,9581.2,13.39
1180,7480,79.3,15.7,79.3,101.49,196.25,24.88,42.21,9641.8,12.98
1181,7481,79.4,15.6,79.4,100.92,196.20,25.28,41.60,9714.2,12.89
1182,7482,79.4,15.6,79.4,101.50,196.78,25.24,43.09,9719.5,13.34
1183,7483,79.4,15.6,79.4,101.10,196.40,24.67,41.10,9689.7,13.12
1184,7484,79.5,15.5,79.5,101.03,196.42,24.62,42.31,9820.9,12.12
1185,7485,79.5,15.5,79.5,101.50,196.87,25.01,40.56,9708.7,11.92
1186,7486,79.5,15.5,79.5,101.15,196.51,25.52,43.16,9771.9,12.35
1187,7487,79.6,15.4,79.6,101.06,196.45,25.30,41.83,9685.9,13.81
1188,7488,79.6,15.4,79.6,101.31,196.99,25.09,41.25,9750.4,12.73
1189,7489,79.6,15.4,79.6,101.12,196.29,25.47,42.40,9721.0,13.99
1190,7490,79.7,15.3,79.7,100.89,196.15,25.47,41.93,9746.1,13.62
1191,7491,79.7,15.3,79.7,101.46,196.60,25.02,42.17,9708.8,13.58
1192,7492,79.7,15.3,79.7,100.68,195.72,24.66,42.59,9667.4,12.42
1193,7493,79.8,15.2,79.8,101.18,196.57,24.96,40.59,9864.9,12.78
1194,7494,79.8,15.2,79.8,101.46,196.99,24.62,41.46,9836.3,12.22
1195,7495,79.8,15.2,79.8,101.64,197.00,24.81,40.99,9952.6,12.90
1196,7496,79.9,15.1,79.9,101.01,196.53,25.45,42.52,9831.4,12.19
1197,7497,79.9,15.1,79.9,101.91,197.43,24.98,42.10,9838.1,11.71
1198,7498,79.9,15.1,79.9,101.11,196.33,25.62,41.66,9694.2,13.05
1199,7499,80.0,15.0,80.0,101.43,196.52,25.11,42.44,9697.1,13.44
1200,7500,80.0,15.0,80.0,101.12,196.41,25.36,40.48,9881.3,12.76
1201,7501,80.0,15.0,80.0,101.37,196.46,25.56,42.83,9799.2,13.60
1202,7502,80.1,15.0,80.0,101.31,196.94,24.78,44.64,9881.5,12.85
1203,7503,80.1,15.0,80.0,101.04,196.47,24.93,41.27,9859.2,12.45
1204,7504,80.1,14.9,80.1,101.13,197.38,24.91,41.33,10035.5,13.39
1205,7505,80.2,14.9,80.1,100.66,196.66,24.47,41.10,9823.9,12.19
1206,7506,80.2,14.9,80.1,100.75,196.22,24.83,41.87,9903.8,13.18
1207,7507,80.2,14.9,80.1,101.27,197.33,25.08,43.75,9821.8,13.11
1208,7508,80.3,14.9,80.1,100.76,195.61,24.78,40.62,10019.1,13.03
1209,7509,80.3,14.9,80.1,100.40,196.31,24.24,39.25,9974.6,14.39
1210,7510,80.3,14.8,80.2,100.11,196.25,24.89,43.91,9926.7,12.49
1211,7511,80.4,14.8,80.2,101.35,196.48,25.06,43.26,9966.6,12.48
1212,7512,80.4,14.8,80.2,101.56,197.35,25.57,43.58,9947.6,14.03
1213,7513,80.4,14.8,80.2,101.72,197.47,25.34,42.99,10002.8,13.33
1214,7514,80.5,14.8,80.2,101.17,196.90,24.10,41.62,9860.1,12.37
1215,7515,80.5,14.8,80.2,101.15,197.18,25.29,43.09,9972.0,12.97
1216,7516,80.5,14.7,80.3,100.94,197.26,25.81,42.34,9836.0,12.33
1217,7517,80.6,14.7,80.3,100.93,196.53,25.15,42.63,9976.8,13.59
1218,7518,80.6,14.7,80.3,101.38,197.20,25.78,44.98,9996.3,12.62
1219,7519,80.6,14.7,80.3,101.20,197.04,24.72,40.60,10067.5,12.93
1220,7520,80.7,14.7,80.3,101.85,198.08,25.07,43.96,9968.7,13.05
1221,7521,80.7,14.7,80.3,100.77,197.09,25.51,41.64,10187.4,12.35
1222,7522,80.7,14.6,80.4,101.39,197.05,24.85,42.81,10076.7,13.75
1223,7523,80.8,14.6,80.4,101.94,198.16,25.23,43.98,9944.7,12.81
1224,7524,80.8,14.6,80.4,100.74,196.99,24.65,42.24,9976.8,13.18
1225,7525,80.8,14.6,80.4,101.14,197.48,25.81,42.60,10211.3,12.66
1226,7526,80.9,14.6,80.4,101.34,197.23,24.83,43.15,10034.9,13.08
1227,7527,80.9,14.6,80.4,100.78,196.64,25.56,43.35,9862.2,13.74
1228,7528,80.9,14.5,80.5,101.07,197.27,25.34,45.13,9950.8,13.26
1229,7529,81.0,14.5,80.5,101.00,196.72,25.67,42.79,10163.0,12.76
1230,7530,81.0,14.5,80.5,101.84,197.89,24.74,42.40,10105.4,12.13
1231,7531,81.0,14.5,80.5,101.57,197.79,25.36,42.69,10202.3,13.26
1232,7532,81.1,14.5,80.5,101.34,198.02,25.43,42.43,10001.9,13.13
1233,7533,81.1,14.5,80.5,101.79,198.83,24.87,42.55,10086.9,13.46
1234,7534,81.1,14.4,80.6,101.23,197.65,24.27,40.54,10091.7,13.31
1235,7535,81.2,14.4,80.6,101.38,197.80,25.60,41.66,10200.8,12.77
1236,7536,81.2,14.4,80.6,101.34,197.66,25.61,40.73,10119.8,14.07
1237,7537,81.2,14.4,80.6,100.79,197.44,25.90,45.04,10177.8,13.03
1238,7538,81.3,14.4,80.6,101.51,197.41,26.28,42.43,10111.7,14.43
1239,7539,81.3,14.4,80.6,101.41,197.66,25.70,45.19,10058.8,13.30
1240,7540,81.3,14.3,80.7,101.02,197.57,23.89,39.30,10160.8,13.21
1241,7541,81.4,14.3,80.7,101.11,197.35,24.14,41.02,10166.8,13.11
1242,7542,81.4,14.3,80.7,101.53,197.34,25.78,40.60,10098.9,13.52
1243,7543,81.4,14.3,80.7,101.69,198.27,24.91,41.88,10142.9,12.22
1244,7544,81.5,14.3,80.7,101.01,197.16,24.44,41.81,10248.0,12.97
1245,7545,81.5,14.3,80.7,101.08,197.09,24.60,42.00,10300.6,12.13
1246,7546,81.5,14.2,80.8,101.21,197.64,25.06,43.22,10097.1,13.62
1247,7547,81.6,14.2,80.8,101.01,198.10,23.95,40.10,10273.5,12.70
1248,7548,81.6,14.2,80.8,101.41,198.02,24.56,42.32,10132.1,12.66
1249,7549,81.6,14.2,80.8,100.99,197.31,24.50,42.12,10113.1,13.42
1250,7550,81.7,14.2,80.8,101.11,197.80,25.07,44.17,10237.2,13.09
1251,7551,81.7,14.2,80.8,101.56,197.84,24.46,40.19,10191.3,13.50
1252,7552,81.7,14.1,80.9,101.40,198.03,25.10,43.24,10295.7,13.02
1253,7553,81.8,14.1,80.9,101.54,197.74,24.88,44.13,10222.3,15.42
1254,7554,81.8,14.1,80.9,101.31,197.46,25.06,42.37,10415.6,12.93
1255,7555,81.8,14.1,80.9,101.38,197.74,24.45,42.73,10146.1,12.89
1256,7556,81.9,14.1,80.9,100.63,197.26,25.30,43.67,10418.1,13.42
1257,7557,81.9,14.1,80.9,100.82,197.58,25.19,40.63,10144.5,13.17
1258,7558,81.9,14.0,81.0,101.39,197.86,25.33,44.64,10197.8,13.16
1259,7559,82.0,14.0,81.0,100.81,197.67,24.54,43.07,10449.6,14.29
1260,7560,82.0,14.0,81.0,102.03,198.82,25.23,41.70,10355.6,12.50
1261,7561,82.0,14.0,81.0,100.73,197.81,24.57,41.74,10313.3,14.35
1262,7562,82.1,14.0,81.0,101.50,198.22,25.43,42.54,10192.6,12.75
1263,7563,82.1,14.0,81.0,100.67,197.12,25.34,42.66,10382.9,12.74
1264,7564,82.1,13.9,81.1,101.37,198.35,24.50,41.38,10281.6,13.53
1265,7565,82.2,13.9,81.1,101.70,198.80,25.75,43.55,10321.9,12.94
1266,7566,82.2,13.9,81.1,102.23,199.44,24.92,43.22,10291.5,13.21
1267,7567,82.2,13.9,81.1,101.75,198.78,25.47,45.01,10364.3,13.04
1268,7568,82.3,13.9,81.1,101.68,198.84,24.81,42.32,10282.1,14.49
1269,7569,82.3,13.9,81.1,101.49,198.58,24.28,42.51,10369.5,12.54
1270,7570,82.3,13.8,81.2,101.79,198.61,24.24,41.67,10367.3,13.34
1271,7571,82.4,13.8,81.2,101.39,198.46,24.27,43.01,10325.6,12.05
1272,7572,82.4,13.8,81.2,101.62,198.40,24.27,40.83,10577.9,13.07
1273,7573,82.4,13.8,81.2,100.70,197.85,24.90,41.38,10254.2,12.54
1274,7574,82.5,13.8,81.2,101.44,198.68,25.66,41.98,10444.9,12.10
1275,7575,82.5,13.8,81.2,101.51,198.93,24.05,43.32,10602.3,13.45
1276,7576,82.5,13.7,81.3,101.22,198.72,24.71,44.77,10242.5,13.07
1277,7577,82.6,13.7,81.3,101.40,198.84,25.63,43.04,10406.5,13.62
1278,7578,82.6,13.7,81.3,101.84,199.28,24.75,43.40,10539.0,13.38
1279,7579,82.6,13.7,81.3,101.15,198.32,24.72,40.32,10540.1,12.67
1280,7580,82.7,13.7,81.3,101.55,198.48,25.25,42.78,10384.3,13.86
1281,7581,82.7,13.7,81.3,101.30,198.14,25.57,43.70,10693.3,13.48
1282,7582,82.7,13.6,81.4,101.77,199.41,25.17,42.05,10451.1,13.68
1283,7583,82.8,13.6,81.4,101.16,198.75,24.84,42.65,10296.6,13.49
1284,7584,82.8,13.6,81.4,101.51,198.99,25.03,42.84,10395.8,13.23
1285,7585,82.8,13.6,81.4,101.05,197.78,25.27,41.19,10250.2,13.16
1286,7586,82.9,13.6,81.4,101.03,198.49,25.05,42.60,10298.9,13.57
1287,7587,82.9,13.6,81.4,101.65,198.83,25.02,43.06,10632.8,11.84
1288,7588,82.9,13.5,81.5,101.16,198.66,24.83,41.61,10364.9,14.23
1289,7589,83.0,13.5,81.5,101.42,198.61,25.26,43.86,10557.3,13.86
1290,7590,83.0,13.5,81.5,101.06,198.36,25.17,44.14,10486.5,13.73
1291,7591,83.0,13.5,81.5,101.38,199.05,25.23,43.84,10609.5,13.21
1292,7592,83.1,13.5,81.5,101.16,198.60,25.29,41.23,10550.4,13.31
1293,7593,83.1,13.5,81.5,101.37,199.05,23.84,39.38,10607.2,14.06
1294,7594,83.1,13.4,81.6,102.08,199.49,25.60,45.81,10362.2,12.10
1295,7595,83.2,13.4,81.6,101.10,198.15,25.76,42.98,10674.8,13.05
1296,7596,83.2,13.4,81.6,101.56,198.88,25.34,41.78,10676.5,13.06
1297,7597,83.2,13.4,81.6,100.96,198.32,24.77,41.65,10395.1,11.96
1298,7598,83.3,13.4,81.6,101.36,199.31,25.34,42.28,10390.1,13.41
1299,7599,83.3,13.4,81.6,101.20,198.68,24.70,42.98,10633.3,13.73
1300,7600,83.3,13.3,81.7,102.18,199.91,24.01,39.90,10488.4,13.46
1301,7601,83.4,13.3,81.7,101.20,199.22,25.04,41.15,10568.8,14.36
1302,7602,83.4,13.3,81.7,101.28,198.96,25.26,41.94,10729.7,13.55
1303,7603,83.4,13.3,81.7,101.79,199.18,25.01,44.41,10463.1,13.36
1304,7604,83.5,13.3,81.7,101.04,198.87,24.95,42.57,10583.7,13.68
1305,7605,83.5,13.3,81.7,101.50,199.57,25.21,43.42,10698.4,14.20
1306,7606,83.5,13.2,81.8,101.75,198.84,25.02,43.08,10537.8,13.45
1307,7607,83.6,13.2,81.8,101.25,198.74,25.17,43.57,10749.3,13.39
1308,7608,83.6,13.2,81.8,101.09,198.64,25.04,42.15,10625.4,14.14
1309,7609,83.6,13.2,81.8,101.51,199.55,24.19,41.72,10454.8,13.62
1310,7610,83.7,13.2,81.8,101.32,199.04,24.28,43.47,10419.0,13.63
1311,7611,83.7,13.2,81.8,101.11,198.81,24.94,41.63,10693.4,12.91
1312,7612,83.7,13.1,81.9,100.91,199.02,25.24,43.13,10686.4,13.22
1313,7613,83.8,13.1,81.9,101.32,199.20,24.20,41.80,10695.2,12.20
1314,7614,83.8,13.1,81.9,102.29,199.85,24.59,43.20,10579.5,13.06
1315,7615,83.8,13.1,81.9,101.21,199.13,25.43,42.49,10669.3,13.21
1316,7616,83.9,13.1,81.9,101.02,199.00,25.68,42.31,10697.7,12.89
1317,7617,83.9,13.1,81.9,101.07,198.55,24.33,39.73,10633.4,13.54
1318,7618,83.9,13.0,82.0,102.02,200.07,24.49,40.80,10574.5,13.31
1319,7619,84.0,13.0,82.0,101.27,199.55,24.84,41.64,10570.1,12.41
1320,7620,84.0,13.0,82.0,101.33,199.27,25.09,41.02,10682.0,14.12
1321,7621,84.0,13.0,82.0,100.56,198.23,24.68,42.23,10837.7,12.61
1322,7622,84.1,13.0,82.0,101.29,199.57,25.72,43.01,10813.3,13.23
1323,7623,84.1,13.0,82.0,100.60,198.97,24.97,42.10,10618.4,12.93
1324,7624,84.1,12.9,82.1,101.18,199.37,24.99,39.87,10822.0,13.21
1325,7625,84.2,12.9,82.1,102.03,200.07,25.19,42.85,10650.4,13.38
1326,7626,84.2,12.9,82.1,100.93,198.63,25.23,43.91,10713.5,13.52
1327,7627,84.2,12.9,82.1,101.70,200.49,24.13,42.46,10824.5,13.72
1328,7628,84.3,12.9,82.1,101.58,200.18,24.94,45.18,10879.8,12.93
1329,7629,84.3,12.9,82.1,100.73,198.46,25.21,43.74,10865.8,13.30
1330,7630,84.3,12.8,82.2,101.01,199.52,24.26,42.18,10835.8,13.82
1331,7631,84.4,12.8,82.2,101.30,199.46,23.71,39.63,10896.0,14.25
1332,7632,84.4,12.8,82.2,101.84,200.08,25.84,43.36,10777.8,14.28
1333,7633,84.4,12.8,82.2,101.08,199.59,24.28,43.79,10835.5,14.77
1334,7634,84.5,12.8,82.2,101.85,199.95,24.88,42.85,10920.3,13.34
1335,7635,84.5,12.8,82.2,101.66,200.13,24.74,40.61,10813.3,13.93
1336,7636,84.5,12.7,82.3,100.65,198.59,24.86,44.38,10763.9,13.91
1337,7637,84.6,12.7,82.3,100.87,198.89,24.49,42.38,11161.3,14.35
1338,7638,84.6,12.7,82.3,102.01,200.20,25.47,43.29,10930.9,14.73
1339,7639,84.6,12.7,82.3,101.10,199.75,24.60,41.55,10853.5,13.51
1340,7640,84.7,12.7,82.3,100.47,199.15,26.34,42.56,10705.6,14.51
1341,7641,84.7,12.7,82.3,101.27,199.42,25.09,43.43,10880.3,12.93
1342,7642,84.7,12.6,82.4,101.59,199.74,25.62,44.88,11060.6,13.43
1343,7643,84.8,12.6,82.4,100.52,198.78,25.27,44.12,11020.6,14.38
1344,7644,84.8,12.6,82.4,101.32,199.98,25.02,40.98,10983.6,14.26
1345,7645,84.8,12.6,82.4,101.25,199.56,25.97,42.58,10852.5,13.77
1346,7646,84.9,12.6,82.4,101.28,200.12,25.20,42.57,11038.9,14.22
1347,7647,84.9,12.6,82.4,101.27,199.66,24.64,40.10,10867.2,14.67
1348,7648,84.9,12.5,82.5,100.84,199.12,24.43,43.50,10845.6,13.69
1349,7649,85.0,12.5,82.5,100.98,199.24,25.56,41.59,11013.9,13.79
1350,7650,85.0,12.5,82.5,101.45,200.09,24.93,39.86,10913.7,13.74
1351,7651,85.0,12.5,82.5,100.77,199.81,25.63,42.93,10976.3,13.97
1352,7652,85.1,12.5,82.5,100.54,199.03,25.44,43.05,11107.9,13.16
1353,7653,85.1,12.5,82.5,101.44,199.73,24.72,41.96,11075.0,13.17
1354,7654,85.1,12.4,82.6,101.08,199.78,25.89,42.85,10999.4,13.11
1355,7655,85.2,12.4,82.6,101.12,199.70,24.54,40.45,10864.7,13.54
1356,7656,85.2,12.4,82.6,100.86,200.41,26.21,46.83,10893.9,13.60
1357,7657,85.2,12.4,82.6,101.52,199.93,24.86,41.51,11010.9,14.32
1358,7658,85.3,12.4,82.6,101.43,199.99,24.90,40.50,10996.0,13.73
1359,7659,85.3,12.4,82.6,101.47,200.09,24.50,42.37,11022.4,14.67
1360,7660,85.3,12.3,82.7,102.01,200.04,24.57,42.02,10743.6,13.00
1361,7661,85.4,12.3,82.7,101.32,199.82,24.60,42.21,10985.2,13.67
1362,7662,85.4,12.3,82.7,101.55,200.13,25.57,44.83,10964.9,12.86
1363,7663,85.4,12.3,82.7,101.67,200.13,24.71,42.69,11199.5,14.42
1364,7664,85.5,12.3,82.7,101.24,200.26,25.17,44.91,11062.4,13.81
1365,7665,85.5,12.3,82.7,101.22,199.71,24.35,38.92,11302.6,14.71
1366,7666,85.5,12.2,82.8,100.61,199.77,25.20,42.76,11081.7,14.20
1367,7667,85.6,12.2,82.8,102.36,201.55,24.61,41.11,11071.4,14.66
1368,7668,85.6,12.2,82.8,101.21,200.20,25.03,44.23,10853.2,13.27
1369,7669,85.6,12.2,82.8,101.08,199.80,24.68,40.50,10954.7,13.28
1370,7670,85.7,12.2,82.8,101.68,200.34,24.89,44.43,11166.0,13.65
1371,7671,85.7,12.2,82.8,101.70,200.87,24.71,41.28,11153.2,14.63
1372,7672,85.7,12.1,82.9,101.01,199.93,24.97,40.66,11256.4,14.15
1373,7673,85.8,12.1,82.9,101.04,199.82,24.79,42.38,11242.7,15.08
1374,7674,85.8,12.1,82.9,101.37,200.25,25.04,42.65,11108.0,13.17
1375,7675,85.8,12.1,82.9,101.48,200.23,24.34,41.99,10971.5,13.64
1376,7676,85.9,12.1,82.9,101.78,201.23,26.04,43.33,11308.4,14.22
1377,7677,85.9,12.1,82.9,101.52,200.98,25.08,42.34,11234.3,14.17
1378,7678,85.9,12.0,83.0,101.57,201.04,25.08,42.67,11170.5,14.60
1379,7679,86.0,12.0,83.0,100.97,200.42,23.93,43.13,11195.1,14.40
1380,7680,86.0,12.0,83.0,101.76,200.82,25.15,41.28,11252.8,13.16
1381,7681,86.0,12.0,83.0,101.14,199.99,25.46,43.22,11192.5,13.51
1382,7682,86.1,12.0,83.0,101.90,201.44,25.03,43.66,11420.5,13.56
1383,7683,86.1,12.0,83.0,101.82,200.95,25.10,44.07,11339.8,14.49
1384,7684,86.1,11.9,83.1,101.57,200.94,24.20,43.83,11262.0,13.72
1385,7685,86.2,11.9,83.1,101.29,200.88,24.79,41.26,11320.7,14.81
1386,7686,86.2,11.9,83.1,101.92,201.20,25.17,44.13,11076.1,13.32
1387,7687,86.2,11.9,83.1,100.97,200.10,25.89,46.85,11268.6,13.81
1388,7688,86.3,11.9,83.1,101.17,200.44,25.17,43.46,11253.6,13.73
1389,7689,86.3,11.9,83.1,101.06,200.20,24.80,43.51,11214.7,14.24
1390,7690,86.3,11.8,83.2,101.69,201.08,25.48,43.14,11439.5,15.03
1391,7691,86.4,11.8,83.2,101.59,201.42,24.68,44.66,11298.7,13.22
1392,7692,86.4,11.8,83.2,101.05,199.90,24.35,41.72,11255.8,14.25
1393,7693,86.4,11.8,83.2,101.68,201.01,24.54,44.07,11277.7,14.69
1394,7694,86.5,11.8,83.2,100.65,199.79,24.74,42.73,11321.5,14.69
1395,7695,86.5,11.8,83.2,101.42,201.02,24.41,43.67,11380.7,14.89
1396,7696,86.5,11.7,83.3,101.92,201.34,25.00,44.56,11259.9,13.88
1397,7697,86.6,11.7,83.3,102.01,201.48,24.60,42.50,11455.7,12.70
1398,7698,86.6,11.7,83.3,101.84,201.00,24.66,44.81,11307.5,14.57
1399,7699,86.6,11.7,83.3,101.23,200.91,25.71,44.56,11329.9,14.33
1400,7700,86.7,11.7,83.3,101.92,201.67,24.45,41.91,11154.5,15.08
1401,7701,86.7,11.7,83.3,100.88,200.64,24.93,41.50,11331.2,11.90
1402,7702,86.7,11.6,83.4,101.77,201.09,24.43,43.29,11276.8,14.85
1403,7703,86.8,11.6,83.4,101.16,200.34,25.00,42.04,11106.0,13.91
1404,7704,86.8,11.6,83.4,101.67,200.77,24.33,41.97,11208.7,12.81
1405,7705,86.8,11.6,83.4,100.92,200.05,24.65,42.46,11499.8,15.05
1406,7706,86.9,11.6,83.4,100.32,199.95,24.57,43.06,11448.6,13.82
1407,7707,86.9,11.6,83.4,101.56,201.16,24.17,41.62,11481.5,14.41
1408,7708,86.9,11.5,83.5,101.23,201.16,24.95,41.35,11519.9,14.14
1409,7709,87.0,11.5,83.5,101.82,201.40,25.06,42.73,11468.9,13.24
1410,7710,87.0,11.5,83.5,100.93,200.72,24.67,41.91,11449.7,14.01
1411,7711,87.0,11.5,83.5,101.50,201.17,24.86,43.26,11450.8,13.80
1412,7712,87.1,11.5,83.5,101.07,200.87,25.41,44.35,11595.3,14.55
1413,7713,87.1,11.5,83.5,101.36,201.49,24.84,44.02,11655.0,14.52
1414,7714,87.1,11.4,83.6,101.63,201.69,25.16,42.53,11569.6,13.68
1415,7715,87.2,11.4,83.6,100.79,201.13,25.10,43.82,11509.0,14.66
1416,7716,87.2,11.4,83.6,101.27,200.52,25.18,43.83,11510.3,13.20
1417,7717,87.2,11.4,83.6,101.26,201.48,24.15,41.46,11396.9,13.97
1418,7718,87.3,11.4,83.6,101.37,200.69,23.87,41.82,11409.0,14.42
1419,7719,87.3,11.4,83.6,101.45,201.49,25.29,43.37,11512.2,13.07
1420,7720,87.3,11.3,83.7,101.35,201.77,24.25,45.00,11397.6,14.05
1421,7721,87.4,11.3,83.7,101.19,201.51,25.03,42.12,11641.0,14.52
1422,7722,87.4,11.3,83.7,101.30,201.83,26.06,41.15,11750.0,14.13
1423,7723,87.4,11.3,83.7,101.50,201.98,25.29,41.56,11543.1,13.74
1424,7724,87.5,11.3,83.7,101.83,201.87,24.76,42.12,11576.0,14.23
1425,7725,87.5,11.3,83.7,102.22,202.25,24.38,43.14,11580.4,14.29
1426,7726,87.5,11.2,83.8,101.01,201.25,24.76,42.13,11681.4,13.78
1427,7727,87.6,11.2,83.8,100.73,200.81,24.87,43.78,11681.9,14.03
1428,7728,87.6,11.2,83.8,100.99,201.25,25.14,43.26,11645.8,15.08
1429,7729,87.6,11.2,83.8,101.41,201.89,25.19,42.92,11851.1,14.73
1430,7730,87.7,11.2,83.8,101.08,201.44,25.07,43.21,11526.5,13.02
1431,7731,87.7,11.2,83.8,100.98,201.60,24.44,44.07,11588.1,13.59
1432,7732,87.7,11.1,83.9,101.14,201.18,24.22,43.93,11756.2,14.83
1433,7733,87.8,11.1,83.9,101.69,202.19,25.62,42.74,11793.3,14.51
1434,7734,87.8,11.1,83.9,101.44,201.64,24.56,42.29,11284.9,13.89
1435,7735,87.8,11.1,83.9,101.49,202.22,25.31,43.57,11612.7,13.74
1436,7736,87.9,11.1,83.9,101.86,201.74,26.13,42.38,11570.5,14.70
1437,7737,87.9,11.1,83.9,101.12,200.78,25.47,44.05,11598.7,14.83
1438,7738,87.9,11.0,84.0,101.84,202.22,24.91,42.38,11707.0,14.93
1439,7739,88.0,11.0,84.0,101.47,201.37,24.97,41.83,11456.2,13.71
1440,7740,88.0,11.0,84.0,101.54,201.87,25.00,41.89,11564.4,14.31
1441,7741,88.0,11.0,84.0,101.27,201.84,25.19,43.97,11461.7,13.80
1442,7742,88.1,11.0,84.0,101.41,201.50,24.84,41.50,11774.6,14.07
1443,7743,88.1,11.0,84.0,101.17,201.23,25.07,43.47,11737.7,14.23
1444,7744,88.1,10.9,84.1,101.80,202.74,25.36,43.02,11550.3,14.44
1445,7745,88.2,10.9,84.1,101.30,202.33,24.97,43.04,11851.6,13.75
1446,7746,88.2,10.9,84.1,101.19,201.76,24.83,41.46,11610.6,14.12
1447,7747,88.2,10.9,84.1,101.03,201.36,25.86,44.73,11663.2,14.42
1448,7748,88.3,10.9,84.1,101.54,202.03,25.61,43.44,11718.0,15.27
1449,7749,88.3,10.9,84.1,101.34,201.74,24.99,41.91,11557.8,13.56
1450,7750,88.3,10.8,84.2,100.96,201.24,25.14,42.47,11915.4,14.16
1451,7751,88.4,10.8,84.2,101.54,201.65,25.20,44.03,11657.7,14.17
1452,7752,88.4,10.8,84.2,101.44,201.97,25.13,43.94,11719.4,14.51
1453,7753,88.4,10.8,84.2,100.65,201.30,24.94,42.85,11848.5,14.46
1454,7754,88.5,10.8,84.2,100.87,201.76,25.18,43.49,12051.8,14.31
1455,7755,88.5,10.8,84.2,101.48,202.12,24.21,42.00,11651.7,14.57
1456,7756,88.5,10.7,84.3,101.24,201.96,25.39,41.71,11781.9,14.17
1457,7757,88.6,10.7,84.3,101.30,202.13,25.44,44.88,11844.0,15.84
1458,7758,88.6,10.7,84.3,101.48,202.16,24.96,42.00,11749.3,14.18
1459,7759,88.6,10.7,84.3,100.79,201.58,24.72,43.10,11893.8,14.12
1460,7760,88.7,10.7,84.3,101.88,202.79,24.82,42.52,11793.0,14.43
1461,7761,88.7,10.7,84.3,101.16,202.28,25.14,42.71,11836.6,14.42
1462,7762,88.7,10.6,84.4,101.10,201.97,24.80,42.23,11777.9,14.74
1463,7763,88.8,10.6,84.4,101.86,202.30,25.23,43.85,11901.6,14.53
1464,7764,88.8,10.6,84.4,101.66,202.42,24.81,42.56,11751.0,15.51
1465,7765,88.8,10.6,84.4,101.73,202.34,25.27,44.75,11777.8,13.59
1466,7766,88.9,10.6,84.4,101.65,202.88,24.71,44.96,11936.3,14.17
1467,7767,88.9,10.6,84.4,101.81,202.48,25.83,43.10,11853.0,14.28
1468,7768,88.9,10.5,84.5,102.23,203.15,25.43,45.01,12014.3,14.08
1469,7769,89.0,10.5,84.5,101.17,201.59,24.82,43.04,11773.5,13.00
1470,7770,89.0,10.5,84.5,101.27,202.35,25.32,43.46,11992.6,13.96
1471,7771,89.0,10.5,84.5,100.75,201.94,24.24,43.51,12117.5,13.81
1472,7772,89.1,10.5,84.5,101.13,201.94,24.49,43.36,11908.7,13.64
1473,7773,89.1,10.5,84.5,101.47,202.22,24.54,42.11,11861.5,13.55
1474,7774,89.1,10.4,84.6,101.29,201.86,25.00,43.28,11955.2,14.48
1475,7775,89.2,10.4,84.6,100.36,201.14,25.15,43.14,12152.9,13.69
1476,7776,89.2,10.4,84.6,101.80,202.45,24.92,43.76,11717.5,15.35
1477,7777,89.2,10.4,84.6,101.55,202.53,25.08,42.92,12213.9,15.38
1478,7778,89.3,10.4,84.6,101.19,202.02,26.28,44.99,12123.2,13.74
1479,7779,89.3,10.4,84.6,101.22,202.25,25.53,41.66,12018.4,14.96
1480,7780,89.3,10.3,84.7,101.44,202.65,24.17,41.45,12066.6,14.62
1481,7781,89.4,10.3,84.7,101.27,201.94,24.87,42.12,12070.7,13.94
1482,7782,89.4,10.3,84.7,101.42,202.15,24.93,43.83,12000.5,14.52
1483,7783,89.4,10.3,84.7,101.30,202.15,25.94,44.32,11807.2,13.89
1484,7784,89.5,10.3,84.7,100.59,201.63,25.52,43.05,11915.4,14.26
1485,7785,89.5,10.3,84.7,101.89,203.81,23.63,41.41,12104.7,14.72
1486,7786,89.5,10.2,84.8,101.09,202.22,25.33,45.38,11969.8,13.36
1487,7787,89.6,10.2,84.8,101.48,202.46,24.72,44.54,11998.2,14.60
1488,7788,89.6,10.2,84.8,101.49,202.38,25.08,43.86,12147.5,15.16
1489,7789,89.6,10.2,84.8,101.35,202.62,24.87,44.58,12143.6,15.19
1490,7790,89.7,10.2,84.8,101.31,202.40,24.32,42.02,12106.2,14.92
1491,7791,89.7,10.2,84.8,101.81,203.12,24.19,41.60,12124.8,14.96
1492,7792,89.7,10.1,84.9,101.35,202.72,24.75,43.76,12150.9,14.14
1493,7793,89.8,10.1,84.9,101.31,202.23,25.77,43.71,12182.6,14.97
1494,7794,89.8,10.1,84.9,101.29,202.57,25.10,42.72,12057.7,13.97
1495,7795,89.8,10.1,84.9,100.63,201.77,24.93,43.85,12185.9,13.26
1496,7796,89.9,10.1,84.9,101.83,203.55,25.68,42.49,11964.9,13.90
1497,7797,89.9,10.1,84.9,101.85,203.98,24.20,42.26,11916.2,13.68
1498,7798,89.9,10.0,85.0,100.92,202.86,24.75,43.98,12051.1,14.88
1499,7799,90.0,10.0,85.0,101.83,203.02,24.74,43.55,12130.1,14.31
1500,7800,90.0,10.0,85.0,101.62,203.50,24.10,42.41,12361.1,15.26
1501,7800,89.9,10.1,84.9,100.29,201.61,25.04,42.82,12211.0,14.93
1502,7800,89.8,10.2,84.8,101.52,203.02,24.91,44.31,12176.0,14.82
1503,7800,89.8,10.2,84.8,101.34,202.70,24.62,43.06,11995.8,15.12
1504,7800,89.7,10.3,84.7,101.43,203.15,24.87,43.02,12007.1,14.88
1505,7800,89.6,10.4,84.6,101.86,202.95,25.33,44.45,11838.6,15.33
1506,7800,89.5,10.5,84.5,100.88,202.84,24.61,42.87,11939.6,15.14
1507,7800,89.4,10.6,84.4,100.88,202.24,24.98,42.38,12037.9,14.53
1508,7800,89.3,10.7,84.3,101.50,202.97,25.28,44.59,12087.7,15.03
1509,7800,89.3,10.7,84.3,101.13,202.85,24.30,42.97,11939.2,15.04
1510,7800,89.2,10.8,84.2,101.86,203.81,25.98,42.94,11921.8,14.55
1511,7800,89.1,10.9,84.1,101.13,203.08,25.58,43.86,11854.3,14.30
1512,7800,89.0,11.0,84.0,101.28,203.10,25.31,44.75,11886.7,14.16
1513,7800,88.9,11.1,83.9,101.83,203.66,24.14,44.38,12047.9,14.09
1514,7800,88.8,11.2,83.8,101.17,202.95,25.83,41.97,11847.7,14.31
1515,7800,88.8,11.2,83.8,101.19,202.88,25.46,44.30,12097.0,14.22
1516,7800,88.7,11.3,83.7,101.64,203.17,24.81,42.32,11854.9,14.63
1517,7800,88.6,11.4,83.6,101.60,203.26,25.01,42.61,11984.5,14.13
1518,7800,88.5,11.5,83.5,100.70,202.60,25.41,45.31,12011.5,13.94
1519,7800,88.4,11.6,83.4,101.26,203.13,25.14,41.89,11933.1,15.29
1520,7800,88.3,11.7,83.3,101.04,202.73,26.18,44.27,11640.5,14.46
1521,7800,88.3,11.7,83.3,101.21,203.25,24.73,43.24,11773.2,14.69
1522,7800,88.2,11.8,83.2,101.70,203.54,24.96,43.29,11868.3,13.42
1523,7800,88.1,11.9,83.1,101.61,203.76,25.22,43.46,12104.6,14.83
1524,7800,88.0,12.0,83.0,100.86,202.97,25.24,44.60,12003.5,13.64
1525,7800,87.9,12.1,82.9,101.82,203.70,25.91,44.46,11775.2,15.77
1526,7800,87.8,12.2,82.8,100.50,202.45,24.77,41.48,11766.0,13.91
1527,7800,87.8,12.2,82.8,101.00,203.28,24.16,42.22,11763.9,14.78
1528,7800,87.7,12.3,82.7,101.08,203.15,24.48,42.00,11852.5,13.65
1529,7800,87.6,12.4,82.6,101.14,202.85,24.86,44.85,11578.3,15.55
1530,7800,87.5,12.5,82.5,102.02,204.04,25.58,45.00,11585.8,14.04
1531,7800,87.4,12.6,82.4,100.63,202.69,25.21,43.33,11702.1,13.76
1532,7800,87.3,12.7,82.3,101.62,203.74,24.69,43.47,11664.5,13.94
1533,7800,87.3,12.7,82.3,101.45,203.85,25.93,46.52,11554.0,15.03
1534,7800,87.2,12.8,82.2,101.57,203.24,25.00,43.23,11657.4,14.20
1535,7800,87.1,12.9,82.1,101.13,203.84,24.91,45.57,11467.0,14.67
1536,7800,87.0,13.0,82.0,101.35,204.11,24.92,43.42,11657.3,14.83
1537,7800,86.9,13.1,81.9,101.60,203.24,24.63,42.38,11456.5,16.32
1538,7800,86.8,13.2,81.8,101.36,204.32,25.25,45.26,11349.2,15.01
1539,7800,86.8,13.2,81.8,101.11,203.21,24.10,39.99,11736.3,15.10
1540,7800,86.7,13.3,81.7,100.87,203.03,25.73,45.39,11493.9,13.65
1541,7800,86.6,13.4,81.6,101.46,203.11,24.73,42.46,11390.2,13.12
1542,7800,86.5,13.5,81.5,101.35,203.70,24.35,43.40,11449.7,14.38
1543,7800,86.4,13.6,81.4,101.06,202.65,25.43,44.39,11387.5,14.48
1544,7800,86.3,13.7,81.3,100.76,203.13,24.77,43.86,11373.8,14.90
1545,7800,86.3,13.7,81.3,101.01,203.23,25.16,41.50,11248.3,14.61
1546,7800,86.2,13.8,81.2,101.15,204.13,24.50,41.69,11372.2,14.25
1547,7800,86.1,13.9,81.1,100.78,203.18,25.32,44.34,11350.0,14.71
1548,7800,86.0,14.0,81.0,100.92,203.25,25.26,42.66,11365.5,14.37
1549,7800,85.9,14.1,80.9,102.21,204.88,25.68,44.94,11416.9,14.13
1550,7800,85.8,14.2,80.8,101.91,203.96,25.03,43.61,11462.8,14.84
1551,7800,85.8,14.2,80.8,101.22,203.54,26.57,44.42,11329.6,13.68
1552,7800,85.7,14.3,80.7,101.08,203.40,24.94,40.63,11323.0,14.55
1553,7800,85.6,14.4,80.6,101.77,204.22,25.58,45.98,11332.4,14.82
1554,7800,85.5,14.5,80.5,101.17,203.76,24.83,40.45,11391.8,14.42
1555,7800,85.4,14.6,80.4,101.65,204.00,24.60,42.72,11115.2,14.48
1556,7800,85.3,14.7,80.3,100.90,203.31,25.11,44.24,11013.4,14.02
1557,7800,85.3,14.7,80.3,101.22,203.97,24.26,41.68,11397.8,14.10
1558,7800,85.2,14.8,80.2,101.74,204.12,25.39,42.99,10990.5,14.48
1559,7800,85.1,14.9,80.1,100.91,203.11,24.42,43.53,11292.3,13.90
1560,7800,85.0,15.0,80.0,101.52,204.10,25.58,44.34,11114.6,14.07
1561,7800,84.9,15.1,79.9,101.57,203.70,25.45,43.67,11159.3,14.87
1562,7800,84.8,15.2,79.8,100.99,204.00,24.88,43.70,11039.9,14.18
1563,7800,84.8,15.2,79.8,101.34,203.74,24.97,43.59,11222.0,14.18
1564,7800,84.7,15.3,79.7,101.54,203.49,24.54,42.56,11014.8,13.91
1565,7800,84.6,15.4,79.6,101.56,204.28,24.19,41.10,11045.4,14.65
1566,7800,84.5,15.5,79.5,101.63,204.02,25.02,42.44,11128.6,14.33
1567,7800,84.4,15.6,79.4,101.45,203.73,25.52,43.91,11093.1,14.76
1568,7800,84.3,15.7,79.3,101.12,204.00,24.64,42.66,10858.3,13.77
1569,7800,84.3,15.7,79.3,102.18,204.77,24.79,45.52,11146.3,13.45
1570,7800,84.2,15.8,79.2,101.40,204.01,24.88,43.00,11106.7,15.39
1571,7800,84.1,15.9,79.1,101.25,203.68,25.01,42.28,10945.4,14.01
1572,7800,84.0,16.0,79.0,101.00,203.49,24.82,42.05,10728.5,15.41
1573,7800,83.9,16.1,78.9,101.58,204.48,24.91,43.20,10949.6,14.58
1574,7800,83.8,16.2,78.8,101.58,204.46,24.80,42.10,10990.6,14.69
1575,7800,83.8,16.2,78.8,101.61,204.18,26.24,42.65,10823.1,15.61
1576,7800,83.7,16.3,78.7,101.26,204.53,25.93,46.29,10938.8,14.98
1577,7800,83.6,16.4,78.6,100.74,203.15,24.96,44.19,10969.9,14.93
1578,7800,83.5,16.5,78.5,101.86,205.06,25.02,41.01,10837.2,15.11
1579,7800,83.4,16.6,78.4,101.11,203.95,24.35,42.58,10592.5,13.63
1580,7800,83.3,16.7,78.3,101.02,204.26,25.06,44.49,10870.7,14.43
1581,7800,83.3,16.7,78.3,100.54,203.14,24.56,41.42,10852.7,14.57
1582,7800,83.2,16.8,78.2,101.44,204.26,25.35,43.93,10730.7,14.66
1583,7800,83.1,16.9,78.1,101.52,204.49,24.48,42.21,10635.7,15.14
1584,7800,83.0,17.0,78.0,101.13,204.30,25.34,45.02,10721.6,14.86
1585,7800,82.9,17.1,77.9,100.59,204.08,25.40,42.86,10675.6,14.57
1586,7800,82.8,17.2,77.8,101.26,204.33,24.65,45.43,10678.3,14.30
1587,7800,82.8,17.2,77.8,101.77,204.33,25.06,46.12,10734.0,14.56
1588,7800,82.7,17.3,77.7,101.07,203.71,24.89,46.15,10750.7,15.05
1589,7800,82.6,17.4,77.6,101.58,204.80,24.83,43.34,10724.6,14.46
1590,7800,82.5,17.5,77.5,100.91,203.48,24.63,43.63,10742.0,13.84
1591,7800,82.4,17.6,77.4,100.84,203.75,24.31,43.58,10429.2,13.58
1592,7800,82.3,17.7,77.3,101.33,204.41,25.38,44.13,10646.0,14.75
1593,7800,82.3,17.7,77.3,101.38,204.79,24.89,42.26,10712.2,15.29
1594,7800,82.2,17.8,77.2,101.53,204.38,25.24,45.81,10664.2,14.22
1595,7800,82.1,17.9,77.1,100.76,203.51,25.49,44.83,10461.4,14.29
1596,7800,82.0,18.0,77.0,101.00,204.66,25.03,44.62,10588.0,14.85
1597,7800,81.9,18.1,76.9,101.48,204.44,25.57,44.22,10599.4,14.31
1598,7800,81.8,18.2,76.8,101.29,204.48,24.58,41.01,10370.8,13.18
1599,7800,81.8,18.2,76.8,100.90,203.81,25.00,44.14,10385.5,14.83
1600,7800,81.7,18.3,76.7,102.06,205.12,24.70,43.14,10529.3,14.66
1601,7800,81.6,18.4,76.6,101.08,204.66,24.22,43.36,10470.2,14.96
1602,7800,81.5,18.5,76.5,100.92,204.07,25.46,44.12,10245.1,14.19
1603,7800,81.4,18.6,76.4,101.42,203.98,25.55,43.18,10545.3,15.19
1604,7800,81.3,18.7,76.3,101.29,204.39,25.98,44.23,10376.6,14.32
1605,7800,81.3,18.7,76.3,101.00,204.18,24.92,40.27,10541.2,13.87
1606,7800,81.2,18.8,76.2,101.64,205.53,24.17,40.36,10282.3,15.15
1607,7800,81.1,18.9,76.1,101.65,204.66,25.59,43.79,10530.5,14.41
1608,7800,81.0,19.0,76.0,101.60,204.63,23.61,44.10,10386.0,14.44
1609,7800,80.9,19.1,75.9,100.94,204.13,24.59,42.35,10417.0,12.99
1610,7800,80.8,19.2,75.8,101.39,204.39,25.58,43.89,10218.2,14.23
1611,7800,80.8,19.2,75.8,101.91,205.80,24.47,41.82,10387.9,14.34
1612,7800,80.7,19.3,75.7,101.32,204.54,25.39,44.23,10272.2,14.33
1613,7800,80.6,19.4,75.6,101.15,204.74,24.99,43.55,10369.6,14.49
1614,7800,80.5,19.5,75.5,101.14,205.02,24.57,41.39,10293.4,14.64
1615,7800,80.4,19.6,75.4,101.13,205.43,25.22,45.32,10275.6,14.87
1616,7800,80.3,19.7,75.3,100.93,204.31,25.27,42.29,10348.7,13.12
1617,7800,80.3,19.7,75.3,101.55,205.03,24.86,44.44,10147.0,13.67
1618,7800,80.2,19.8,75.2,101.07,204.78,24.86,42.74,10287.9,15.00
1619,7800,80.1,19.9,75.1,101.25,204.74,24.36,42.28,10145.5,13.94
1620,7800,80.0,20.0,75.0,101.60,204.76,25.35,44.95,10375.7,13.96
1621,7800,79.9,20.1,74.9,101.20,204.27,24.53,43.69,10152.9,14.38
1622,7800,79.8,20.2,74.8,100.36,203.50,24.26,43.84,10066.4,14.12
1623,7800,79.8,20.2,74.8,101.32,205.11,25.44,45.13,10072.8,14.04
1624,7800,79.7,20.3,74.7,101.31,204.45,24.96,43.65,9897.3,14.93
1625,7800,79.6,20.4,74.6,101.17,204.65,25.89,45.27,9999.6,14.18
1626,7800,79.5,20.5,74.5,101.57,205.18,24.55,43.30,10117.8,15.41
1627,7800,79.4,20.6,74.4,101.00,204.04,25.32,44.21,10169.2,15.11
1628,7800,79.3,20.7,74.3,101.02,204.52,24.56,41.09,10104.8,14.34
1629,7800,79.3,20.7,74.3,101.35,204.85,24.24,43.05,10006.5,14.50
1630,7800,79.2,20.8,74.2,101.14,204.57,25.28,44.38,10020.2,13.38
1631,7800,79.1,20.9,74.1,101.17,204.75,25.37,44.85,9952.3,15.61
1632,7800,79.0,21.0,74.0,101.57,204.81,25.33,42.33,9848.9,15.03
1633,7800,78.9,21.1,73.9,100.78,204.52,25.37,46.04,9888.0,14.30
1634,7800,78.8,21.2,73.8,101.27,204.48,24.59,43.38,9704.1,13.75
1635,7800,78.8,21.2,73.8,100.71,204.32,24.40,44.22,9969.5,14.99
1636,7800,78.7,21.3,73.7,101.22,204.85,24.38,43.44,9894.3,15.01
1637,7800,78.6,21.4,73.6,100.78,203.90,24.89,43.30,9732.1,15.78
1638,7800,78.5,21.5,73.5,100.67,204.40,24.76,46.76,10006.2,13.76
1639,7800,78.4,21.6,73.4,100.93,204.57,24.86,42.37,9893.4,15.31
1640,7800,78.3,21.7,73.3,100.92,204.96,24.58,44.85,9744.2,14.61
1641,7800,78.3,21.7,73.3,101.33,204.75,24.12,44.44,9729.3,14.14
1642,7800,78.2,21.8,73.2,100.72,204.49,23.98,41.38,9669.9,14.62
1643,7800,78.1,21.9,73.1,101.54,205.44,25.44,43.80,9704.3,14.05
1644,7800,78.0,22.0,73.0,102.05,205.93,25.12,44.25,9895.2,15.60
1645,7800,77.9,22.1,72.9,100.63,204.43,25.90,44.32,9666.5,14.45
1646,7800,77.8,22.2,72.8,101.50,205.13,25.66,43.07,9737.9,14.31
1647,7800,77.8,22.2,72.8,101.15,204.81,25.11,43.40,9572.0,14.57
1648,7800,77.7,22.3,72.7,101.79,204.98,24.67,45.02,9889.3,13.21
1649,7800,77.6,22.4,72.6,101.06,204.75,24.99,44.96,9733.7,14.41
1650,7800,77.5,22.5,72.5,101.68,205.95,25.12,43.07,9586.7,13.76
1651,7800,77.4,22.6,72.4,101.17,204.80,25.39,41.71,9713.2,14.11
1652,7800,77.3,22.7,72.3,101.15,204.94,25.32,45.79,9547.0,15.23
1653,7800,77.3,22.7,72.3,100.54,204.39,24.49,42.60,9710.3,14.00
1654,7800,77.2,22.8,72.2,101.10,204.89,25.48,44.69,9612.5,14.34
1655,7800,77.1,22.9,72.1,101.92,206.02,24.93,44.19,9698.8,14.60
1656,7800,77.0,23.0,72.0,101.16,205.22,26.05,43.76,9702.1,14.49
1657,7800,76.9,23.1,71.9,102.04,206.18,25.19,43.80,9451.2,13.45
1658,7800,76.8,23.2,71.8,101.73,205.48,24.86,43.81,9475.9,14.41
1659,7800,76.8,23.2,71.8,100.42,204.46,24.99,43.99,9565.7,14.25
1660,7800,76.7,23.3,71.7,100.96,205.32,25.40,45.27,9271.7,14.36
1661,7800,76.6,23.4,71.6,100.87,204.29,25.02,44.19,9403.5,15.73
1662,7800,76.5,23.5,71.5,101.10,204.57,26.37,45.83,9413.0,15.27
1663,7800,76.4,23.6,71.4,101.18,205.06,23.85,41.64,9463.1,14.48
1664,7800,76.3,23.7,71.3,101.76,205.82,24.69,42.37,9592.2,14.12
1665,7800,76.3,23.7,71.3,101.38,205.36,25.81,45.23,9294.5,14.78
1666,7800,76.2,23.8,71.2,101.69,205.34,24.95,42.16,9436.9,15.47
1667,7800,76.1,23.9,71.1,101.16,204.88,24.76,43.77,9444.6,13.32
1668,7800,76.0,24.0,71.0,101.68,205.68,25.19,45.12,9376.1,14.91
1669,7800,75.9,24.1,70.9,101.06,204.99,24.98,41.20,9218.6,14.71
1670,7800,75.8,24.2,70.8,101.37,205.42,24.83,41.40,9340.9,14.78
1671,7800,75.8,24.2,70.8,101.35,205.50,24.57,44.72,9378.9,14.52
1672,7800,75.7,24.3,70.7,100.94,204.81,25.14,44.21,9401.2,14.50
1673,7800,75.6,24.4,70.6,100.65,204.76,24.31,45.13,9412.0,14.68
1674,7800,75.5,24.5,70.5,101.95,205.87,24.81,45.23,9239.1,14.03
1675,7800,75.4,24.6,70.4,101.15,204.93,26.01,45.61,9110.8,14.27
1676,7800,75.3,24.7,70.3,101.25,205.58,25.89,47.12,9368.4,14.62
1677,7800,75.3,24.7,70.3,101.39,205.82,25.11,43.25,9181.3,15.42
1678,7800,75.2,24.8,70.2,101.04,204.93,25.44,45.12,9199.9,14.97
1679,7800,75.1,24.9,70.1,100.74,205.29,25.35,44.59,9099.3,13.96
1680,7800,75.0,25.0,70.0,101.56,205.52,25.33,44.30,9239.8,14.76
1681,7800,74.9,25.1,69.9,101.62,205.90,24.55,43.02,9154.3,15.31
1682,7800,74.8,25.2,69.8,102.01,205.80,25.76,43.32,9034.2,13.65
1683,7800,74.8,25.2,69.8,100.89,205.59,24.52,43.79,8953.3,14.37
1684,7800,74.7,25.3,69.7,101.48,205.76,24.39,44.39,8922.1,13.98
1685,7800,74.6,25.4,69.6,101.71,205.83,24.42,42.50,9060.5,14.15
1686,7800,74.5,25.5,69.5,100.81,205.41,25.24,43.71,9065.6,15.57
1687,7800,74.4,25.6,69.4,101.46,205.69,25.00,45.27,9110.5,14.19
1688,7800,74.3,25.7,69.3,101.02,205.11,24.53,41.54,8901.9,14.80
1689,7800,74.3,25.7,69.3,101.67,206.24,24.83,44.45,9090.2,14.79
1690,7800,74.2,25.8,69.2,100.88,205.32,25.56,44.04,8930.8,14.73
1691,7800,74.1,25.9,69.1,102.18,206.76,24.89,45.29,8996.3,14.41
1692,7800,74.0,26.0,69.0,101.59,206.39,24.84,46.00,9040.0,15.09
1693,7800,73.9,26.1,68.9,101.63,206.31,25.23,44.20,8965.2,15.38
1694,7800,73.8,26.2,68.8,101.64,205.69,25.77,45.05,8968.6,15.38
1695,7800,73.8,26.2,68.8,101.28,205.88,24.57,41.22,9012.0,13.92
1696,7800,73.7,26.3,68.7,101.00,205.22,25.48,44.88,8877.9,14.06
1697,7800,73.6,26.4,68.6,101.12,205.78,25.23,42.90,8724.8,13.73
1698,7800,73.5,26.5,68.5,101.52,206.14,25.11,42.85,8919.0,13.77
1699,7800,73.4,26.6,68.4,100.24,204.81,24.79,43.09,8888.5,15.83
1700,7800,73.3,26.7,68.3,101.38,205.77,24.30,41.71,8804.9,13.46
1701,7800,73.3,26.7,68.3,100.77,205.20,24.81,44.30,8778.8,14.58
1702,7800,73.2,26.8,68.2,101.24,205.41,25.20,44.00,8877.8,15.74
1703,7800,73.1,26.9,68.1,101.38,206.19,24.44,42.56,8835.2,13.65
1704,7800,73.0,27.0,68.0,101.58,205.76,25.54,44.77,8733.8,13.86
1705,7800,72.9,27.1,67.9,101.21,206.27,24.90,44.57,8880.5,14.54
1706,7800,72.8,27.2,67.8,101.01,205.77,25.00,43.21,8856.1,14.55
1707,7800,72.8,27.2,67.8,101.58,205.90,24.65,44.60,8633.3,15.25
1708,7800,72.7,27.3,67.7,100.96,205.28,24.43,44.01,8641.4,14.64
1709,7800,72.6,27.4,67.6,100.63,205.05,24.45,44.14,8715.8,14.80
1710,7800,72.5,27.5,67.5,101.22,206.03,25.46,44.89,8635.8,15.28
1711,7800,72.4,27.6,67.4,100.84,205.02,25.83,43.20,8635.2,14.80
1712,7800,72.3,27.7,67.3,101.26,206.21,25.75,43.73,8630.3,14.61
1713,7800,72.3,27.7,67.3,100.74,205.52,25.27,44.05,8454.4,15.40
1714,7800,72.2,27.8,67.2,101.61,206.05,24.48,44.19,8538.6,14.43
1715,7800,72.1,27.9,67.1,101.98,206.21,24.42,42.35,8562.9,14.68
1716,7800,72.0,28.0,67.0,101.27,205.62,24.51,43.73,8597.4,13.42
1717,7800,71.9,28.1,66.9,101.19,206.16,25.21,44.62,8341.2,14.63
1718,7800,71.8,28.2,66.8,101.45,206.05,25.53,43.39,8603.4,13.91
1719,7800,71.8,28.2,66.8,100.99,205.87,24.34,43.09,8483.7,14.75
1720,7800,71.7,28.3,66.7,101.19,206.13,24.02,41.86,8401.4,13.49
1721,7800,71.6,28.4,66.6,100.98,205.78,24.87,44.40,8584.8,15.18
1722,7800,71.5,28.5,66.5,101.18,204.98,25.15,45.40,8393.3,13.76
1723,7800,71.4,28.6,66.4,101.57,206.41,25.29,44.79,8495.4,13.34
1724,7800,71.3,28.7,66.3,101.09,206.45,25.83,44.54,8356.0,15.29
1725,7800,71.3,28.7,66.3,101.47,206.36,25.44,42.59,8427.1,15.78
1726,7800,71.2,28.8,66.2,101.78,206.43,25.02,43.74,8362.7,14.57
1727,7800,71.1,28.9,66.1,101.58,207.01,24.27,42.28,8342.0,13.38
1728,7800,71.0,29.0,66.0,101.25,206.15,24.74,41.37,8376.2,13.90
1729,7800,70.9,29.1,65.9,101.23,206.61,25.81,44.59,8381.1,14.92
1730,7800,70.8,29.2,65.8,101.92,206.96,24.94,42.74,8309.3,14.02
1731,7800,70.8,29.2,65.8,100.97,205.51,25.13,42.14,8468.8,13.96
1732,7800,70.7,29.3,65.7,100.45,205.54,25.12,42.98,8176.5,14.98
1733,7800,70.6,29.4,65.6,101.38,206.14,24.96,43.71,8322.8,14.88
1734,7800,70.5,29.5,65.5,101.86,206.54,24.97,44.53,8121.8,14.88
1735,7800,70.4,29.6,65.4,101.25,206.28,25.87,42.67,8121.4,15.12
1736,7800,70.3,29.7,65.3,101.45,206.31,24.68,43.26,8288.6,14.77
1737,7800,70.3,29.7,65.3,101.27,206.43,24.38,42.40,8206.8,13.63
1738,7800,70.2,29.8,65.2,101.44,206.55,25.05,44.92,8191.8,13.43
1739,7800,70.1,29.9,65.1,101.01,206.07,24.78,43.72,8270.6,15.44
1740,7800,70.0,30.0,65.0,101.31,205.96,25.44,44.11,8110.2,14.34
1741,7800,69.9,30.1,64.9,100.96,205.93,25.58,45.68,7993.3,14.21
1742,7800,69.8,30.2,64.8,100.58,205.56,24.49,43.46,8178.0,14.55
1743,7800,69.8,30.2,64.8,100.46,205.36,25.04,43.51,8031.9,14.56
1744,7800,69.7,30.3,64.7,101.14,206.35,24.53,43.85,8044.1,14.90
1745,7800,69.6,30.4,64.6,101.25,205.93,25.18,43.13,8117.2,13.84
1746,7800,69.5,30.5,64.5,101.44,206.58,24.14,40.97,7997.0,14.09
1747,7800,69.4,30.6,64.4,101.24,206.18,24.84,41.61,8094.6,15.29
1748,7800,69.3,30.7,64.3,101.88,206.60,24.31,42.64,8001.6,13.93
1749,7800,69.3,30.7,64.3,101.37,206.54,24.03,42.40,8136.2,14.64
1750,7800,69.2,30.8,64.2,101.60,206.47,25.17,45.98,7969.0,14.65
1751,7800,69.1,30.9,64.1,102.24,207.35,25.40,45.03,7964.6,14.15
1752,7800,69.0,31.0,64.0,101.21,206.45,25.05,43.06,7983.8,14.46
1753,7800,68.9,31.1,63.9,101.42,206.04,25.56,45.91,7959.8,14.47
1754,7800,68.8,31.2,63.8,101.87,207.14,25.04,42.71,7923.6,15.63
1755,7800,68.8,31.2,63.8,101.12,206.08,24.92,41.71,7994.2,14.78
1756,7800,68.7,31.3,63.7,101.17,206.49,24.89,43.78,7928.7,14.44
1757,7800,68.6,31.4,63.6,101.25,206.77,24.59,43.69,7972.8,15.81
1758,7800,68.5,31.5,63.5,100.87,205.84,25.52,43.62,7857.4,14.50
1759,7800,68.4,31.6,63.4,100.90,206.01,24.56,44.56,7861.1,14.83
1760,7800,68.3,31.7,63.3,101.70,206.77,25.05,45.12,7765.9,13.71
1761,7800,68.3,31.7,63.3,100.94,206.54,25.22,44.06,7928.7,15.08
1762,7800,68.2,31.8,63.2,101.00,206.15,25.44,45.65,7796.3,13.55
1763,7800,68.1,31.9,63.1,101.03,206.10,25.04,43.06,7824.2,14.29
1764,7800,68.0,32.0,63.0,101.51,206.88,24.53,42.97,7746.3,15.42
1765,7800,67.9,32.1,62.9,101.32,205.96,24.58,43.22,7669.8,14.19
1766,7800,67.8,32.2,62.8,101.18,206.01,25.99,42.00,7726.4,14.75
1767,7800,67.8,32.2,62.8,101.18,206.10,25.01,43.23,7645.5,14.50
1768,7800,67.7,32.3,62.7,100.31,205.82,25.51,44.75,7796.7,15.02
1769,7800,67.6,32.4,62.6,100.64,205.89,24.52,43.10,7736.7,14.31
1770,7800,67.5,32.5,62.5,101.05,206.93,24.73,42.36,7592.8,14.07
1771,7800,67.4,32.6,62.4,101.17,206.27,24.67,43.49,7545.5,13.78
1772,7800,67.3,32.7,62.3,101.00,206.22,23.86,43.45,7554.3,15.36
1773,7800,67.3,32.7,62.3,101.43,206.56,24.07,42.67,7596.1,15.12
1774,7800,67.2,32.8,62.2,101.39,206.75,25.43,44.23,7682.2,14.85
1775,7800,67.1,32.9,62.1,100.95,206.17,25.52,44.98,7616.1,14.81
1776,7800,67.0,33.0,62.0,101.03,206.24,24.21,41.17,7679.1,14.33
1777,7800,66.9,33.1,61.9,101.66,206.66,24.76,45.29,7557.1,14.12
1778,7800,66.8,33.2,61.8,100.73,205.93,25.25,44.53,7447.0,14.44
1779,7800,66.8,33.2,61.8,101.28,206.74,25.19,42.62,7423.9,14.55
1780,7800,66.7,33.3,61.7,101.37,206.31,24.85,45.95,7393.6,15.12
1781,7800,66.6,33.4,61.6,101.06,206.43,25.31,40.75,7530.1,15.41
1782,7800,66.5,33.5,61.5,101.45,206.94,25.31,43.52,7425.5,14.66
1783,7800,66.4,33.6,61.4,100.87,206.21,24.77,42.82,7423.5,14.20
1784,7800,66.3,33.7,61.3,100.94,206.20,24.57,44.44,7490.1,14.22
1785,7800,66.3,33.7,61.3,100.49,205.75,25.68,42.15,7343.0,15.57
1786,7800,66.2,33.8,61.2,101.12,205.95,24.46,42.92,7264.5,14.72
1787,7800,66.1,33.9,61.1,100.90,206.19,24.93,44.13,7418.1,14.05
1788,7800,66.0,34.0,61.0,100.99,205.98,25.14,45.62,7337.4,15.92
1789,7800,65.9,34.1,60.9,101.11,206.66,25.00,43.80,7354.8,13.81
1790,7800,65.8,34.2,60.8,101.64,207.09,25.40,45.02,7471.0,14.47
1791,7800,65.8,34.2,60.8,101.22,206.61,24.91,45.24,7320.1,15.39
1792,7800,65.7,34.3,60.7,101.29,207.16,25.92,44.49,7146.4,15.40
1793,7800,65.6,34.4,60.6,101.87,207.32,24.43,43.50,7170.4,15.21
1794,7800,65.5,34.5,60.5,101.34,206.73,26.04,45.49,7336.1,15.06
1795,7800,65.4,34.6,60.4,101.45,206.81,24.15,44.26,7257.8,15.30
1796,7800,65.3,34.7,60.3,101.47,207.01,23.62,41.67,7299.0,14.78
1797,7800,65.3,34.7,60.3,102.06,207.62,25.25,43.39,7037.7,14.17
1798,7800,65.2,34.8,60.2,100.48,205.62,23.82,42.52,7250.2,13.56
1799,7800,65.1,34.9,60.1,101.23,206.66,25.27,43.00,7125.6,14.47
1800,7800,65.0,35.0,60.0,101.00,206.62,25.19,45.53,7243.2,14.96
1801,7799,65.0,35.0,60.0,101.32,206.81,24.93,45.03,7204.8,14.07
1802,7798,64.9,35.1,59.9,101.13,206.25,24.76,43.88,7178.0,15.31
1803,7797,64.9,35.1,59.9,101.51,207.35,25.83,44.38,7056.5,14.59
1804,7796,64.8,35.2,59.9,101.18,206.72,24.94,43.03,7006.8,14.93
1805,7795,64.8,35.2,59.8,101.51,206.83,25.01,43.35,7118.8,15.36
1806,7794,64.7,35.3,59.8,101.40,206.95,24.86,44.62,7206.8,14.94
1807,7793,64.7,35.3,59.8,101.45,207.06,24.87,42.95,7065.8,13.68
1808,7792,64.6,35.4,59.7,100.97,206.68,24.33,43.82,7031.9,14.54
1809,7791,64.6,35.4,59.7,101.50,206.59,24.67,43.43,6975.4,14.29
1810,7790,64.5,35.5,59.7,101.57,206.39,25.20,45.96,7023.1,13.32
1811,7789,64.5,35.5,59.6,101.35,206.52,25.06,43.09,7018.6,14.30
1812,7788,64.4,35.6,59.6,101.74,207.31,25.11,44.66,6968.8,13.95
1813,7787,64.4,35.6,59.6,100.92,206.45,25.76,45.10,6890.1,13.60
1814,7786,64.3,35.7,59.5,101.72,206.97,24.63,45.07,7072.4,15.50
1815,7785,64.3,35.7,59.5,101.14,206.68,25.04,44.21,6898.6,14.67
1816,7784,64.2,35.8,59.5,100.92,205.97,24.24,44.52,7026.4,14.41
1817,7783,64.2,35.8,59.4,100.98,206.54,24.59,46.55,6865.8,15.15
1818,7782,64.1,35.9,59.4,101.69,206.63,24.24,44.16,6916.8,14.99
1819,7781,64.1,35.9,59.4,101.77,206.97,25.92,43.67,6889.7,15.81
1820,7780,64.0,36.0,59.3,101.64,207.51,25.00,43.29,7066.5,13.64
1821,7779,64.0,36.0,59.3,101.64,206.68,25.09,41.86,6914.0,14.05
1822,7778,63.9,36.1,59.3,101.53,206.60,25.31,43.54,6916.7,14.78
1823,7777,63.9,36.1,59.2,101.35,206.52,25.03,45.76,6826.1,14.71
1824,7776,63.8,36.2,59.2,100.94,206.00,24.25,43.49,6725.9,13.96
1825,7775,63.8,36.2,59.2,100.93,205.44,24.77,41.71,6879.2,14.63
1826,7774,63.7,36.3,59.1,101.32,206.14,25.16,41.52,6747.3,14.78
1827,7773,63.7,36.3,59.1,100.94,206.04,25.52,45.02,6745.9,14.32
1828,7772,63.6,36.4,59.1,101.40,206.74,25.05,42.80,6932.8,13.76
1829,7771,63.6,36.4,59.0,100.79,205.39,25.62,43.62,6847.9,14.61
1830,7770,63.5,36.5,59.0,101.40,206.61,24.61,44.97,6828.3,13.91
1831,7769,63.5,36.5,59.0,100.74,205.98,26.23,45.77,6811.3,14.03
1832,7768,63.4,36.6,58.9,100.99,205.32,24.80,43.78,6752.2,14.23
1833,7767,63.4,36.6,58.9,101.77,206.19,25.44,44.39,6739.8,13.81
1834,7766,63.3,36.7,58.9,100.86,205.77,25.49,44.05,6701.9,14.40
1835,7765,63.3,36.7,58.8,101.27,206.49,24.28,41.84,6767.8,13.77
1836,7764,63.2,36.8,58.8,100.94,205.76,24.54,43.14,6552.1,14.69
1837,7763,63.2,36.8,58.8,100.91,205.61,24.87,43.11,6859.6,13.59
1838,7762,63.1,36.9,58.7,101.08,205.70,25.31,42.37,6720.5,14.13
1839,7761,63.1,36.9,58.7,101.26,206.12,24.52,43.44,6638.0,15.01
1840,7760,63.0,37.0,58.7,101.29,206.25,24.74,45.71,6681.3,13.94
1841,7759,63.0,37.0,58.6,101.25,205.96,24.68,45.04,6645.8,13.83
1842,7758,62.9,37.1,58.6,101.94,206.69,25.00,44.34,6730.5,15.09
1843,7757,62.9,37.1,58.6,101.01,205.40,24.79,46.79,6613.1,14.12
1844,7756,62.8,37.2,58.5,101.65,205.74,24.93,42.31,6655.1,14.05
1845,7755,62.8,37.2,58.5,101.14,205.84,25.71,44.28,6593.3,14.71
1846,7754,62.7,37.3,58.5,101.46,206.00,25.75,43.69,6632.8,14.16
1847,7753,62.7,37.3,58.4,101.59,206.06,24.41,41.19,6554.9,14.60
1848,7752,62.6,37.4,58.4,101.49,206.14,24.97,44.80,6592.8,13.09
1849,7751,62.6,37.4,58.4,101.33,206.36,24.60,44.38,6522.7,14.30
1850,7750,62.5,37.5,58.3,101.29,205.24,24.87,45.44,6494.0,13.21
1851,7749,62.5,37.5,58.3,101.16,205.39,24.92,43.85,6589.0,13.97
1852,7748,62.4,37.6,58.3,101.24,206.07,25.43,44.07,6572.5,14.26
1853,7747,62.4,37.6,58.2,101.23,205.74,24.81,45.45,6472.0,14.61
1854,7746,62.3,37.7,58.2,101.06,205.25,24.12,44.68,6542.9,14.78
1855,7745,62.3,37.7,58.2,101.05,205.68,24.20,43.45,6625.2,14.45
1856,7744,62.2,37.8,58.1,101.16,205.29,25.96,45.21,6497.7,15.05
1857,7743,62.2,37.8,58.1,100.96,205.18,25.38,47.51,6544.9,13.88
1858,7742,62.1,37.9,58.1,101.06,205.77,25.69,44.77,6546.7,14.49
1859,7741,62.1,37.9,58.0,100.10,204.79,26.33,45.58,6457.2,13.55
1860,7740,62.0,38.0,58.0,101.39,206.32,25.46,45.44,6448.8,14.36
1861,7739,62.0,38.0,58.0,101.55,206.70,24.72,43.16,6555.7,14.76
1862,7738,61.9,38.1,57.9,101.26,205.17,24.30,44.15,6493.5,13.48
1863,7737,61.9,38.1,57.9,101.14,205.59,25.82,46.11,6412.6,15.17
1864,7736,61.8,38.2,57.9,101.10,205.60,24.23,44.47,6431.0,13.51
1865,7735,61.8,38.2,57.8,101.50,205.36,25.28,43.68,6494.6,14.00
1866,7734,61.7,38.3,57.8,101.07,205.49,25.51,46.57,6469.2,13.52
1867,7733,61.7,38.3,57.8,101.71,205.76,24.55,42.02,6464.0,14.70
1868,7732,61.6,38.4,57.7,101.84,205.92,24.86,40.72,6428.1,13.95
1869,7731,61.6,38.4,57.7,100.89,204.81,25.40,44.76,6242.0,14.10
1870,7730,61.5,38.5,57.7,101.01,204.74,25.64,42.60,6415.0,14.45
1871,7729,61.5,38.5,57.6,101.48,205.36,26.04,43.72,6399.8,13.92
1872,7728,61.4,38.6,57.6,101.51,205.39,24.64,43.57,6225.5,12.69
1873,7727,61.4,38.6,57.6,101.61,204.81,24.76,43.47,6296.0,13.71
1874,7726,61.3,38.7,57.5,101.51,205.37,23.75,43.19,6320.3,14.28
1875,7725,61.3,38.7,57.5,100.94,204.33,26.00,44.64,6336.8,14.69
1876,7724,61.2,38.8,57.5,101.26,205.64,25.63,45.76,6235.7,13.67
1877,7723,61.2,38.8,57.4,101.75,205.69,24.94,42.65,6356.7,13.22
1878,7722,61.1,38.9,57.4,101.34,204.93,24.88,42.17,6222.5,13.74
1879,7721,61.1,38.9,57.4,101.46,205.42,24.93,45.85,6234.8,14.11
1880,7720,61.0,39.0,57.3,101.50,205.59,24.41,45.34,6213.2,14.22
1881,7719,61.0,39.0,57.3,101.77,205.82,25.96,45.80,6246.1,13.65
1882,7718,60.9,39.1,57.3,101.28,205.31,24.17,43.57,6156.0,13.85
1883,7717,60.9,39.1,57.2,100.74,204.21,25.25,44.72,6280.8,14.19
1884,7716,60.8,39.2,57.2,101.08,205.01,25.28,43.71,6158.5,13.63
1885,7715,60.8,39.2,57.2,100.99,204.80,24.97,41.79,6241.3,14.38
1886,7714,60.7,39.3,57.1,100.87,204.85,25.34,44.15,6266.9,13.81
1887,7713,60.7,39.3,57.1,101.26,205.41,24.95,39.62,6226.4,13.37
1888,7712,60.6,39.4,57.1,101.48,205.37,25.55,46.15,6222.7,13.83
1889,7711,60.6,39.4,57.0,101.61,204.97,25.30,45.23,6274.1,14.63
1890,7710,60.5,39.5,57.0,102.27,205.94,24.76,44.28,6195.2,14.13
1891,7709,60.5,39.5,57.0,101.42,204.49,24.72,42.46,6169.6,12.76
1892,7708,60.4,39.6,56.9,101.94,205.18,25.49,42.41,6117.9,13.61
1893,7707,60.4,39.6,56.9,101.47,205.44,24.82,43.78,6133.8,13.93
1894,7706,60.3,39.7,56.9,100.83,204.23,24.94,41.15,6099.2,14.23
1895,7705,60.3,39.7,56.8,101.02,204.43,24.97,45.56,6010.1,13.70
1896,7704,60.2,39.8,56.8,101.32,205.25,24.86,43.58,6032.7,13.43
1897,7703,60.2,39.8,56.8,101.52,205.08,25.09,43.33,6028.5,14.61
1898,7702,60.1,39.9,56.7,101.57,205.08,24.43,42.24,6076.7,13.28
1899,7701,60.1,39.9,56.7,101.37,204.52,24.78,42.80,6066.0,14.19
1900,7700,60.0,40.0,56.7,101.46,205.20,25.13,45.09,6004.8,13.28
1901,7699,60.0,40.0,56.6,101.43,204.68,25.66,42.90,6130.3,14.36
1902,7698,59.9,40.1,56.6,100.97,204.09,25.84,44.45,5975.3,13.43
1903,7697,59.9,40.1,56.6,101.51,205.15,23.78,42.11,6121.1,13.62
1904,7696,59.8,40.2,56.5,101.30,204.84,24.60,42.81,6056.1,12.45
1905,7695,59.8,40.2,56.5,101.74,204.90,24.43,45.97,5991.3,13.62
1906,7694,59.7,40.3,56.5,101.69,205.07,24.62,45.78,6003.8,13.17
1907,7693,59.7,40.3,56.4,101.05,204.24,25.15,41.73,6031.8,14.13
1908,7692,59.6,40.4,56.4,101.09,204.64,25.34,44.53,5903.4,13.36
1909,7691,59.6,40.4,56.4,101.43,204.77,25.09,41.57,5876.6,14.45
1910,7690,59.5,40.5,56.3,101.85,205.65,25.72,44.09,5831.0,14.20
1911,7689,59.5,40.5,56.3,101.19,205.02,24.03,43.01,5951.8,13.83
1912,7688,59.4,40.6,56.3,101.11,204.48,24.98,42.23,5936.5,13.40
1913,7687,59.4,40.6,56.2,100.71,204.07,23.92,44.26,5984.0,13.28
1914,7686,59.3,40.7,56.2,101.97,204.97,25.77,44.56,5978.8,14.18
1915,7685,59.3,40.7,56.2,101.19,204.53,24.61,45.07,5944.7,13.57
1916,7684,59.2,40.8,56.1,101.39,204.62,24.02,42.52,5894.3,14.27
1917,7683,59.2,40.8,56.1,101.09,204.41,24.90,42.11,5853.1,14.10
1918,7682,59.1,40.9,56.1,100.97,203.58,25.49,43.27,5924.2,13.76
1919,7681,59.1,40.9,56.0,101.17,204.24,24.74,42.54,5931.9,12.98
1920,7680,59.0,41.0,56.0,101.46,204.52,25.00,42.47,5765.0,14.00
1921,7679,59.0,41.0,56.0,101.43,204.50,24.90,44.19,5836.7,14.28
1922,7678,58.9,41.1,55.9,100.69,203.37,24.96,44.95,5814.9,13.86
1923,7677,58.9,41.1,55.9,101.32,204.09,25.18,41.85,5897.0,13.43
1924,7676,58.8,41.2,55.9,101.66,204.34,25.24,43.25,5794.6,13.23
1925,7675,58.8,41.2,55.8,101.00,204.23,24.89,42.52,5758.7,13.87
1926,7674,58.7,41.3,55.8,101.60,204.63,24.54,43.89,5781.6,14.57
1927,7673,58.7,41.3,55.8,101.71,204.31,25.53,44.17,5763.6,14.56
1928,7672,58.6,41.4,55.7,101.51,203.78,24.35,42.92,5669.5,13.21
1929,7671,58.6,41.4,55.7,100.31,202.73,25.12,42.16,5623.0,14.20
1930,7670,58.5,41.5,55.7,102.07,205.15,23.79,39.87,5620.5,13.86
1931,7669,58.5,41.5,55.6,101.01,203.81,24.02,43.25,5625.0,13.78
1932,7668,58.4,41.6,55.6,101.82,204.69,24.67,44.40,5598.2,13.45
1933,7667,58.4,41.6,55.6,101.22,203.91,24.95,43.37,5676.6,13.89
1934,7666,58.3,41.7,55.5,101.37,204.32,24.98,44.31,5630.9,13.59
1935,7665,58.3,41.7,55.5,100.73,203.46,25.08,42.00,5757.6,13.07
1936,7664,58.2,41.8,55.5,101.45,203.92,25.05,42.71,5666.5,13.88
1937,7663,58.2,41.8,55.4,100.68,202.91,25.11,42.11,5629.9,14.33
1938,7662,58.1,41.9,55.4,101.18,203.93,25.11,44.55,5654.0,13.39
1939,7661,58.1,41.9,55.4,101.56,204.00,24.83,43.80,5587.0,14.32
1940,7660,58.0,42.0,55.3,101.50,203.75,24.23,43.36,5557.6,13.76
1941,7659,58.0,42.0,55.3,100.92,203.50,25.13,44.71,5579.1,13.90
1942,7658,57.9,42.1,55.3,101.70,204.75,24.96,42.80,5563.0,13.80
1943,7657,57.9,42.1,55.2,100.76,203.22,25.00,42.39,5731.7,14.42
1944,7656,57.8,42.2,55.2,101.42,203.56,24.99,44.01,5572.0,13.71
1945,7655,57.8,42.2,55.2,101.43,203.54,25.29,42.85,5524.3,14.85
1946,7654,57.7,42.3,55.1,100.59,203.19,24.37,47.39,5589.5,14.51
1947,7653,57.7,42.3,55.1,100.95,203.52,25.38,43.52,5499.5,13.45
1948,7652,57.6,42.4,55.1,101.49,203.99,24.76,42.93,5598.8,14.28
1949,7651,57.6,42.4,55.0,101.31,203.51,25.32,41.46,5472.5,13.45
1950,7650,57.5,42.5,55.0,101.10,203.47,25.55,46.45,5487.5,14.71
1951,7649,57.5,42.5,55.0,101.39,203.48,25.17,43.18,5551.6,14.11
1952,7648,57.4,42.6,54.9,101.11,203.74,25.33,43.22,5572.6,13.29
1953,7647,57.4,42.6,54.9,100.89,203.65,25.99,44.91,5466.9,13.89
1954,7646,57.3,42.7,54.9,100.91,203.39,24.71,42.99,5476.1,15.00
1955,7645,57.3,42.7,54.8,102.30,204.96,25.43,44.71,5443.4,14.90
1956,7644,57.2,42.8,54.8,101.09,203.20,24.43,41.79,5501.0,13.47
1957,7643,57.2,42.8,54.8,101.47,203.51,24.74,42.17,5377.2,13.00
1958,7642,57.1,42.9,54.7,100.64,202.81,25.20,42.94,5451.3,13.77
1959,7641,57.1,42.9,54.7,101.57,203.57,25.19,43.83,5477.0,12.67
1960,7640,57.0,43.0,54.7,101.53,203.72,25.29,45.28,5530.8,12.93
1961,7639,57.0,43.0,54.6,101.06,202.78,24.08,41.29,5363.3,13.71
1962,7638,56.9,43.1,54.6,100.78,203.00,23.97,41.00,5406.4,14.96
1963,7637,56.9,43.1,54.6,101.21,203.26,25.10,44.18,5382.0,13.78
1964,7636,56.8,43.2,54.5,101.37,203.16,24.71,44.47,5365.5,13.13
1965,7635,56.8,43.2,54.5,100.79,202.34,24.51,42.25,5422.9,13.86
1966,7634,56.7,43.3,54.5,101.11,202.99,24.84,45.21,5317.4,14.15
1967,7633,56.7,43.3,54.4,101.54,203.30,25.20,42.25,5305.5,12.82
1968,7632,56.6,43.4,54.4,101.12,202.76,24.82,43.11,5375.9,13.09
1969,7631,56.6,43.4,54.4,101.50,203.32,25.08,44.73,5351.6,14.24
1970,7630,56.5,43.5,54.3,101.07,203.49,24.81,44.35,5295.9,13.90
1971,7629,56.5,43.5,54.3,101.62,203.17,24.05,44.09,5287.3,14.04
1972,7628,56.4,43.6,54.3,101.45,203.06,25.81,44.34,5334.0,13.15
1973,7627,56.4,43.6,54.2,101.76,204.01,24.11,42.09,5295.8,13.35
1974,7626,56.3,43.7,54.2,101.77,203.39,24.84,43.54,5320.8,14.06
1975,7625,56.3,43.7,54.2,100.73,202.06,25.00,42.62,5220.5,14.39
1976,7624,56.2,43.8,54.1,101.50,203.01,26.18,43.74,5343.5,13.25
1977,7623,56.2,43.8,54.1,102.13,203.70,24.73,43.17,5224.8,13.63
1978,7622,56.1,43.9,54.1,101.30,203.33,24.57,45.39,5128.9,12.46
1979,7621,56.1,43.9,54.0,101.68,203.43,25.58,45.62,5110.6,13.70
1980,7620,56.0,44.0,54.0,101.58,203.12,25.16,41.77,5215.8,13.30
1981,7619,56.0,44.0,54.0,101.38,202.86,25.39,43.46,5167.2,13.84
1982,7618,55.9,44.1,53.9,101.24,202.08,25.31,44.65,5096.3,13.11
1983,7617,55.9,44.1,53.9,101.50,203.05,24.91,43.71,5121.1,13.12
1984,7616,55.8,44.2,53.9,101.12,202.42,25.58,45.25,5158.4,13.36
1985,7615,55.8,44.2,53.8,102.17,203.58,24.78,43.86,5138.7,14.16
1986,7614,55.7,44.3,53.8,101.45,202.83,24.35,42.95,5077.0,14.23
1987,7613,55.7,44.3,53.8,101.49,202.45,25.04,43.85,5120.8,14.38
1988,7612,55.6,44.4,53.7,100.99,202.25,25.50,42.46,4999.2,14.36
1989,7611,55.6,44.4,53.7,100.80,202.41,25.27,42.79,5060.8,13.48
1990,7610,55.5,44.5,53.7,101.29,203.04,24.17,43.52,5088.7,13.80
1991,7609,55.5,44.5,53.6,101.88,203.57,25.03,44.67,5039.9,12.80
1992,7608,55.4,44.6,53.6,101.85,203.51,24.83,41.59,5028.3,13.84
1993,7607,55.4,44.6,53.6,100.40,201.63,24.50,43.83,5011.7,12.64
1994,7606,55.3,44.7,53.5,101.80,202.98,25.63,45.23,5107.7,12.96
1995,7605,55.3,44.7,53.5,101.64,202.74,24.35,43.81,5112.1,12.92
1996,7604,55.2,44.8,53.5,101.61,202.55,23.83,41.64,4963.9,13.85
1997,7603,55.2,44.8,53.4,101.40,202.19,25.64,44.11,5037.2,14.95
1998,7602,55.1,44.9,53.4,102.03,203.63,25.26,41.64,4977.5,13.78
1999,7601,55.1,44.9,53.4,101.45,202.38,25.37,43.44,5003.6,13.33
2000,7600,55.0,45.0,53.3,100.11,201.51,24.93,45.26,5070.9,13.76
2001,7599,55.0,45.0,53.3,100.96,202.02,24.62,43.47,4889.8,13.96
2002,7598,54.9,45.1,53.3,101.52,202.42,24.39,41.27,4937.0,13.71
2003,7597,54.9,45.1,53.2,101.39,202.35,24.87,41.38,5011.0,13.21
2004,7596,54.8,45.2,53.2,101.45,202.79,24.93,44.99,5019.4,12.84
2005,7595,54.8,45.2,53.2,101.83,202.57,25.43,43.35,4978.9,14.08
2006,7594,54.7,45.3,53.1,101.82,202.59,24.22,41.65,4914.8,12.88
2007,7593,54.7,45.3,53.1,101.21,202.02,25.57,44.62,4881.4,13.90
2008,7592,54.6,45.4,53.1,101.25,202.70,24.51,42.44,4895.3,13.71
2009,7591,54.6,45.4,53.0,102.01,202.81,25.32,42.84,4887.3,13.23
2010,7590,54.5,45.5,53.0,101.73,202.66,25.61,44.16,4851.8,13.21
2011,7589,54.5,45.5,53.0,100.54,201.47,25.37,43.44,4945.2,13.58
2012,7588,54.4,45.6,52.9,101.31,202.24,25.00,43.41,4805.2,12.57
2013,7587,54.4,45.6,52.9,100.86,201.92,24.53,42.17,4802.9,13.89
2014,7586,54.3,45.7,52.9,100.72,201.10,25.82,43.71,4712.7,12.97
2015,7585,54.3,45.7,52.8,101.40,202.00,24.26,44.29,4818.4,13.91
2016,7584,54.2,45.8,52.8,100.67,202.06,25.66,45.58,4821.5,13.87
2017,7583,54.2,45.8,52.8,101.10,201.83,25.87,43.76,4811.8,12.73
2018,7582,54.1,45.9,52.7,101.02,202.27,24.37,41.34,4736.5,13.24
2019,7581,54.1,45.9,52.7,100.21,200.64,24.36,42.83,4815.9,14.19
2020,7580,54.0,46.0,52.7,100.87,201.58,25.29,43.21,4761.4,12.69
2021,7579,54.0,46.0,52.6,101.65,202.42,25.19,42.81,4757.8,13.30
2022,7578,53.9,46.1,52.6,101.20,201.47,25.76,43.25,4709.7,13.23
2023,7577,53.9,46.1,52.6,101.03,200.97,25.35,43.39,4771.0,12.67
2024,7576,53.8,46.2,52.5,101.14,201.51,24.08,41.14,4734.5,13.70
2025,7575,53.8,46.2,52.5,100.71,201.19,24.98,43.21,4685.7,12.64
2026,7574,53.7,46.3,52.5,101.17,201.86,25.68,43.55,4708.8,12.42
2027,7573,53.7,46.3,52.4,101.27,201.58,24.32,41.21,4739.8,13.53
2028,7572,53.6,46.4,52.4,101.02,201.26,25.16,43.61,4682.4,14.10
2029,7571,53.6,46.4,52.4,101.68,202.08,24.35,43.46,4725.6,13.71
2030,7570,53.5,46.5,52.3,101.61,202.24,24.73,40.43,4682.6,12.97
2031,7569,53.5,46.5,52.3,101.07,201.64,25.71,43.63,4738.4,12.81
2032,7568,53.4,46.6,52.3,101.22,201.64,23.89,39.86,4678.7,13.88
2033,7567,53.4,46.6,52.2,101.80,202.88,24.95,43.00,4659.5,13.23
2034,7566,53.3,46.7,52.2,101.73,201.89,25.79,41.54,4702.0,13.65
2035,7565,53.3,46.7,52.2,101.42,201.97,24.43,44.50,4599.3,14.02
2036,7564,53.2,46.8,52.1,100.55,200.60,24.72,40.40,4645.5,13.47
2037,7563,53.2,46.8,52.1,101.34,201.59,25.60,44.02,4583.3,14.69
2038,7562,53.1,46.9,52.1,101.42,201.47,24.88,44.01,4652.2,13.62
2039,7561,53.1,46.9,52.0,101.68,201.74,23.63,39.18,4539.6,14.54
2040,7560,53.0,47.0,52.0,101.75,201.83,24.58,43.47,4620.6,13.87
2041,7559,53.0,47.0,52.0,101.10,201.56,25.06,45.31,4614.7,13.53
2042,7558,52.9,47.1,51.9,100.74,201.46,25.80,42.80,4523.1,14.08
2043,7557,52.9,47.1,51.9,101.40,201.46,24.27,42.08,4601.8,12.97
2044,7556,52.8,47.2,51.9,100.86,200.84,24.51,43.46,4579.5,13.44
2045,7555,52.8,47.2,51.8,101.05,201.24,25.50,43.08,4538.9,13.05
2046,7554,52.7,47.3,51.8,101.49,201.61,24.36,41.77,4653.8,12.63
2047,7553,52.7,47.3,51.8,101.39,200.96,24.81,41.43,4539.6,14.67
2048,7552,52.6,47.4,51.7,101.11,201.55,25.51,42.64,4444.2,12.64
2049,7551,52.6,47.4,51.7,101.18,201.20,24.89,43.63,4488.0,13.45
2050,7550,52.5,47.5,51.7,101.67,201.14,24.96,41.50,4520.1,13.50
2051,7549,52.5,47.5,51.6,101.02,200.39,26.00,45.70,4427.1,13.98
2052,7548,52.4,47.6,51.6,101.54,201.60,25.19,44.84,4471.1,14.59
2053,7547,52.4,47.6,51.6,101.47,201.85,25.04,42.98,4532.7,13.30
2054,7546,52.3,47.7,51.5,101.86,201.03,25.93,43.74,4502.4,12.44
2055,7545,52.3,47.7,51.5,101.51,201.46,25.02,44.78,4399.9,13.69
2056,7544,52.2,47.8,51.5,100.58,200.20,24.76,42.16,4371.4,13.93
2057,7543,52.2,47.8,51.4,101.21,201.52,24.55,43.15,4504.7,12.99
2058,7542,52.1,47.9,51.4,101.49,201.00,24.43,41.41,4442.8,12.48
2059,7541,52.1,47.9,51.4,100.74,200.69,25.12,44.77,4454.1,14.17
2060,7540,52.0,48.0,51.3,101.05,200.84,24.44,44.94,4447.5,13.16
2061,7539,52.0,48.0,51.3,101.67,201.30,24.60,42.34,4362.5,12.93
2062,7538,51.9,48.1,51.3,101.84,201.96,25.91,41.91,4344.2,12.53
2063,7537,51.9,48.1,51.2,102.22,202.64,24.76,42.82,4433.1,13.34
2064,7536,51.8,48.2,51.2,101.57,201.73,25.13,42.24,4310.6,12.70
2065,7535,51.8,48.2,51.2,101.64,201.62,26.13,44.78,4303.7,13.22
2066,7534,51.7,48.3,51.1,101.39,201.29,23.89,40.61,4410.6,12.37
2067,7533,51.7,48.3,51.1,101.63,201.12,25.22,44.79,4327.4,12.90
2068,7532,51.6,48.4,51.1,101.26,200.97,25.13,43.78,4263.1,12.81
2069,7531,51.6,48.4,51.0,101.40,200.90,25.02,44.41,4283.5,12.84
2070,7530,51.5,48.5,51.0,101.43,200.96,24.80,41.58,4269.2,12.34
2071,7529,51.5,48.5,51.0,101.75,201.89,24.81,43.21,4290.9,13.49
2072,7528,51.4,48.6,50.9,100.92,200.69,25.33,41.35,4282.9,13.45
2073,7527,51.4,48.6,50.9,100.94,200.15,25.65,44.33,4199.0,14.33
2074,7526,51.3,48.7,50.9,101.10,200.37,24.59,41.62,4178.0,13.12
2075,7525,51.3,48.7,50.8,101.02,200.28,25.55,43.35,4220.6,13.43
2076,7524,51.2,48.8,50.8,100.93,200.28,25.44,44.68,4320.7,13.84
2077,7523,51.2,48.8,50.8,102.13,201.51,24.93,43.00,4190.6,13.23
2078,7522,51.1,48.9,50.7,100.69,200.17,24.65,42.32,4249.1,12.17
2079,7521,51.1,48.9,50.7,100.72,200.64,24.54,43.02,4147.7,13.04
2080,7520,51.0,49.0,50.7,101.01,200.51,24.77,43.72,4155.0,13.03
2081,7519,51.0,49.0,50.6,101.35,200.84,25.35,45.51,4124.3,12.65
2082,7518,50.9,49.1,50.6,101.71,200.76,25.04,41.69,4140.6,12.83
2083,7517,50.9,49.1,50.6,101.42,200.78,24.76,41.79,4091.2,13.60
2084,7516,50.8,49.2,50.5,101.21,200.37,25.13,44.48,4177.6,13.41
2085,7515,50.8,49.2,50.5,101.05,200.23,24.28,42.78,4174.0,12.40
2086,7514,50.7,49.3,50.5,101.20,200.88,24.73,42.31,4165.5,12.22
2087,7513,50.7,49.3,50.4,101.43,200.88,24.01,42.34,4183.6,14.01
2088,7512,50.6,49.4,50.4,100.92,200.70,24.38,40.95,4060.9,13.70
2089,7511,50.6,49.4,50.4,101.34,200.33,25.99,43.96,4120.4,14.17
2090,7510,50.5,49.5,50.3,100.97,200.65,25.08,43.57,4160.7,13.31
2091,7509,50.5,49.5,50.3,100.73,200.29,24.19,40.89,4084.6,12.12
2092,7508,50.4,49.6,50.3,101.25,200.43,24.01,40.85,4099.3,13.40
2093,7507,50.4,49.6,50.2,100.76,199.69,25.35,44.44,4077.1,11.35
2094,7506,50.3,49.7,50.2,100.98,199.37,25.73,43.28,4080.2,13.42
2095,7505,50.3,49.7,50.2,101.31,200.12,24.64,43.25,4042.6,13.08
2096,7504,50.2,49.8,50.1,101.02,199.46,25.60,42.74,4103.3,13.55
2097,7503,50.2,49.8,50.1,102.25,201.04,24.05,40.84,4009.5,14.26
2098,7502,50.1,49.9,50.1,101.50,200.46,24.85,43.79,4107.8,14.12
2099,7501,50.1,49.9,50.0,101.45,199.90,25.43,42.97,3901.8,12.65
2100,7500,50.0,50.0,50.0,101.77,200.83,25.03,42.62,3960.3,13.48
2101,7499,50.1,49.9,50.1,101.68,201.02,25.14,43.84,3990.8,11.67
2102,7499,50.2,49.8,50.2,100.43,199.28,25.35,43.42,4059.0,12.77
2103,7498,50.2,49.7,50.2,101.20,200.02,25.00,40.75,4037.9,12.75
2104,7497,50.3,49.6,50.3,101.10,199.81,25.69,43.24,4041.3,12.98
2105,7497,50.4,49.5,50.4,100.67,199.85,24.90,42.90,4009.5,12.55
2106,7496,50.5,49.4,50.5,100.93,200.11,25.53,41.63,4101.1,12.52
2107,7495,50.6,49.3,50.6,101.90,200.42,24.45,41.77,4186.3,12.84
2108,7495,50.7,49.2,50.7,101.45,200.06,24.78,41.63,4110.7,12.68
2109,7494,50.7,49.1,50.7,101.57,199.71,25.15,43.20,4144.5,12.73
2110,7493,50.8,49.0,50.8,101.52,199.65,25.05,42.67,4149.4,14.05
2111,7493,50.9,48.9,50.9,101.68,199.98,25.39,44.54,4125.3,13.42
2112,7492,51.0,48.8,51.0,101.79,200.00,25.20,43.32,4147.6,12.85
2113,7491,51.1,48.7,51.1,101.30,199.73,26.03,45.38,4191.7,14.02
2114,7491,51.2,48.6,51.2,101.31,199.94,25.39,43.63,4196.7,12.28
2115,7490,51.2,48.5,51.2,101.69,201.04,24.75,42.01,4282.7,12.74
2116,7489,51.3,48.4,51.3,101.39,199.80,25.02,42.87,4261.8,13.13
2117,7489,51.4,48.3,51.4,101.61,200.37,25.76,43.17,4236.1,12.87
2118,7488,51.5,48.2,51.5,101.44,200.12,25.30,42.98,4224.9,12.41
2119,7487,51.6,48.1,51.6,100.92,199.12,24.88,43.83,4221.1,13.38
2120,7487,51.7,48.0,51.7,100.73,199.04,25.37,42.90,4283.3,12.94
2121,7486,51.7,47.9,51.7,101.64,200.12,24.93,40.97,4298.5,13.03
2122,7485,51.8,47.8,51.8,101.36,199.23,25.82,43.68,4360.5,13.61
2123,7485,51.9,47.7,51.9,101.63,199.81,24.68,40.74,4359.3,13.35
2124,7484,52.0,47.6,52.0,101.53,199.56,24.97,41.29,4361.4,11.90
2125,7483,52.1,47.5,52.1,100.72,200.03,25.24,44.42,4387.6,13.46
2126,7483,52.2,47.4,52.2,100.87,199.19,25.86,42.47,4383.8,13.57
2127,7482,52.2,47.3,52.2,101.65,199.69,25.52,44.76,4412.6,12.79
2128,7481,52.3,47.2,52.3,101.52,199.93,25.71,43.27,4427.7,12.83
2129,7481,52.4,47.1,52.4,101.45,199.21,25.31,44.41,4457.0,13.01
2130,7480,52.5,47.0,52.5,101.12,199.39,24.95,42.83,4478.1,12.50
2131,7479,52.6,46.9,52.6,101.79,199.82,25.08,44.12,4422.9,12.79
2132,7479,52.7,46.8,52.7,101.52,199.58,25.17,42.75,4481.4,13.11
2133,7478,52.7,46.7,52.7,101.10,199.50,24.91,43.42,4472.6,13.90
2134,7477,52.8,46.6,52.8,101.24,199.34,24.90,43.21,4466.2,12.27
2135,7477,52.9,46.5,52.9,101.12,199.23,25.28,43.64,4450.7,12.71
2136,7476,53.0,46.4,53.0,101.55,199.36,25.18,42.74,4562.7,12.29
2137,7475,53.1,46.3,53.1,101.39,199.65,25.11,45.16,4656.5,12.37
2138,7475,53.2,46.2,53.2,101.99,199.88,24.38,41.48,4604.5,12.68
2139,7474,53.2,46.1,53.2,101.55,199.69,24.11,39.37,4654.8,12.98
2140,7473,53.3,46.0,53.3,101.36,199.84,24.44,42.16,4615.9,13.58
2141,7473,53.4,45.9,53.4,101.85,200.04,24.85,42.13,4628.2,12.05
2142,7472,53.5,45.8,53.5,102.08,199.48,24.95,43.87,4559.1,13.04
2143,7471,53.6,45.7,53.6,101.26,199.29,25.10,42.37,4721.4,12.87
2144,7471,53.7,45.6,53.7,100.95,199.28,24.72,42.40,4711.5,12.78
2145,7470,53.7,45.5,53.7,101.84,199.62,24.09,41.19,4592.8,11.93
2146,7469,53.8,45.4,53.8,101.13,198.83,24.92,40.57,4781.0,13.21
2147,7469,53.9,45.3,53.9,101.16,199.44,24.18,42.81,4719.7,13.31
2148,7468,54.0,45.2,54.0,101.36,199.15,24.51,40.44,4757.7,13.43
2149,7467,54.1,45.1,54.1,101.49,199.12,24.55,41.06,4703.5,12.00
2150,7467,54.2,45.0,54.2,101.55,199.39,24.87,44.31,4771.6,12.49
2151,7466,54.2,44.9,54.2,101.99,200.20,25.72,44.99,4763.9,12.29
2152,7465,54.3,44.8,54.3,101.05,199.13,24.33,41.38,4755.9,12.46
2153,7465,54.4,44.7,54.4,100.95,199.08,25.40,43.18,4784.5,12.11
2154,7464,54.5,44.6,54.5,101.40,198.93,24.95,41.89,4832.0,13.03
2155,7463,54.6,44.5,54.6,101.58,199.45,25.34,42.58,4710.7,12.86
2156,7463,54.7,44.4,54.7,101.08,198.90,25.00,41.16,4839.1,12.11
2157,7462,54.7,44.3,54.7,101.05,198.34,25.52,44.92,4822.1,13.07
2158,7461,54.8,44.2,54.8,101.96,199.90,24.98,43.41,4837.1,12.34
2159,7461,54.9,44.1,54.9,102.03,199.69,25.02,42.92,4936.7,12.89
2160,7460,55.0,44.0,55.0,101.76,199.72,24.56,42.10,4843.8,12.83
2161,7459,55.1,43.9,55.1,101.98,199.47,24.26,41.88,4873.4,12.55
2162,7459,55.2,43.8,55.2,101.82,199.32,25.17,44.24,4951.1,13.73
2163,7458,55.2,43.7,55.2,100.97,198.21,25.24,42.34,5022.9,12.96
2164,7457,55.3,43.6,55.3,101.87,198.98,24.87,43.90,4976.3,12.43
2165,7457,55.4,43.5,55.4,101.46,199.19,24.77,43.22,5018.7,12.76
2166,7456,55.5,43.4,55.5,101.28,198.66,24.42,40.88,5005.2,12.17
2167,7455,55.6,43.3,55.6,101.35,198.72,25.28,40.93,5000.4,13.06
2168,7455,55.7,43.2,55.7,100.70,197.75,25.37,41.32,4978.8,13.61
2169,7454,55.7,43.1,55.7,101.21,198.53,24.55,40.94,5029.2,13.11
2170,7453,55.8,43.0,55.8,100.96,198.16,25.07,43.31,5121.7,12.41
2171,7453,55.9,42.9,55.9,101.18,197.90,24.52,42.33,4970.9,12.80
2172,7452,56.0,42.8,56.0,100.77,197.98,25.21,40.99,5092.8,12.98
2173,7451,56.1,42.7,56.1,101.31,198.46,25.16,42.72,5118.8,13.24
2174,7451,56.2,42.6,56.2,101.73,198.86,24.83,39.28,5159.4,13.22
2175,7450,56.2,42.5,56.2,100.65,197.12,24.98,41.30,5220.0,12.59
2176,7449,56.3,42.4,56.3,101.27,198.42,25.20,43.13,5193.7,11.41
2177,7449,56.4,42.3,56.4,102.18,199.16,25.52,44.16,5149.9,13.76
2178,7448,56.5,42.2,56.5,101.98,198.53,25.11,43.10,5135.6,12.64
2179,7447,56.6,42.1,56.6,101.77,198.46,24.98,42.70,5200.1,12.54
2180,7447,56.7,42.0,56.7,101.20,197.98,24.61,42.77,5235.5,13.35
2181,7446,56.7,41.9,56.7,101.06,198.05,26.06,43.73,5127.4,11.89
2182,7445,56.8,41.8,56.8,101.75,198.35,24.93,41.59,5330.9,12.63
2183,7445,56.9,41.7,56.9,101.55,198.41,24.66,40.07,5267.8,12.90
2184,7444,57.0,41.6,57.0,100.57,197.22,24.27,41.04,5202.6,12.97
2185,7443,57.1,41.5,57.1,101.28,197.89,25.41,43.45,5238.6,13.04
2186,7443,57.2,41.4,57.2,100.70,197.99,24.91,40.86,5382.4,12.35
2187,7442,57.2,41.3,57.2,100.86,197.89,24.01,43.91,5299.1,12.75
2188,7441,57.3,41.2,57.3,100.91,197.13,24.77,41.09,5338.7,12.95
2189,7441,57.4,41.1,57.4,101.30,198.22,25.64,42.27,5379.7,11.99
2190,7440,57.5,41.0,57.5,100.94,197.11,24.38,44.03,5371.3,13.03
2191,7439,57.6,40.9,57.6,100.99,198.06,24.97,40.04,5323.5,11.22
2192,7439,57.7,40.8,57.7,101.50,197.64,24.26,43.02,5292.5,14.03
2193,7438,57.7,40.7,57.7,100.83,197.40,24.66,41.64,5379.7,11.33
2194,7437,57.8,40.6,57.8,101.26,197.44,25.14,41.18,5527.2,12.17
2195,7437,57.9,40.5,57.9,100.64,197.76,24.08,41.15,5500.0,12.79
2196,7436,58.0,40.4,58.0,100.74,197.60,25.56,44.01,5495.2,11.59
2197,7435,58.1,40.3,58.1,101.50,197.95,25.89,43.28,5479.8,12.39
2198,7435,58.2,40.2,58.2,101.40,198.03,25.35,42.46,5552.8,11.74
2199,7434,58.2,40.1,58.2,101.13,197.61,25.04,42.18,5516.2,12.97
2200,7433,58.3,40.0,58.3,101.57,198.54,25.34,43.11,5508.4,13.27
2201,7433,58.4,39.9,58.4,101.05,197.75,24.86,41.27,5565.6,12.35
2202,7432,58.5,39.8,58.5,100.82,197.44,24.32,41.90,5572.9,13.33
2203,7431,58.6,39.7,58.6,101.64,198.11,25.76,43.48,5529.2,13.04
2204,7431,58.7,39.6,58.7,101.12,197.48,24.74,40.54,5706.2,11.70
2205,7430,58.7,39.5,58.7,101.21,197.58,25.56,43.24,5565.9,13.22
2206,7429,58.8,39.4,58.8,101.14,197.45,24.87,40.34,5587.4,13.23
2207,7429,58.9,39.3,58.9,101.30,197.40,25.13,42.44,5722.3,12.26
2208,7428,59.0,39.2,59.0,101.47,197.60,24.94,42.36,5727.8,13.47
2209,7427,59.1,39.1,59.1,101.48,197.06,24.45,42.26,5681.7,11.73
2210,7427,59.2,39.0,59.2,100.61,197.29,24.91,41.92,5631.7,11.84
2211,7426,59.2,38.9,59.2,100.44,196.70,24.92,42.93,5741.2,12.50
2212,7425,59.3,38.8,59.3,101.48,197.79,25.17,41.81,5707.3,12.56
2213,7425,59.4,38.7,59.4,101.42,197.05,25.71,41.87,5731.7,12.99
2214,7424,59.5,38.6,59.5,100.97,197.51,25.20,41.80,5767.2,11.74
2215,7423,59.6,38.5,59.6,101.46,197.51,25.53,44.34,5727.6,13.35
2216,7423,59.7,38.4,59.7,100.95,197.15,24.97,42.03,5752.9,11.70
2217,7422,59.7,38.3,59.7,101.17,197.14,24.60,42.05,5760.6,12.02
2218,7421,59.8,38.2,59.8,101.59,197.73,25.45,42.38,5872.5,11.51
2219,7421,59.9,38.1,59.9,101.98,197.67,25.22,42.99,5775.1,11.80
2220,7420,60.0,38.0,60.0,100.03,196.37,24.73,42.68,5868.9,13.57
2221,7419,60.1,37.9,60.1,101.46,197.72,24.66,41.62,5866.9,12.79
2222,7419,60.2,37.8,60.2,101.28,197.19,25.82,43.87,5913.3,13.27
2223,7418,60.2,37.7,60.2,101.25,197.16,25.20,42.02,5816.2,13.64
2224,7417,60.3,37.6,60.3,101.38,197.10,24.44,41.92,5920.9,13.07
2225,7417,60.4,37.5,60.4,100.97,196.56,25.09,41.71,5952.3,13.08
2226,7416,60.5,37.4,60.5,101.40,197.16,23.53,40.48,5898.8,12.17
2227,7415,60.6,37.3,60.6,101.32,196.57,24.77,42.67,5952.5,12.56
2228,7415,60.7,37.2,60.7,100.56,196.62,25.02,41.99,5825.6,11.92
2229,7414,60.7,37.1,60.7,100.88,196.91,25.56,41.32,6020.7,13.15
2230,7413,60.8,37.0,60.8,101.51,196.66,24.49,40.13,6044.1,13.01
2231,7413,60.9,36.9,60.9,101.14,197.37,24.89,42.24,6001.7,12.79
2232,7412,61.0,36.8,61.0,101.47,197.07,24.70,41.03,6048.2,12.03
2233,7411,61.1,36.7,61.1,101.61,196.66,24.80,43.42,6067.1,12.32
2234,7411,61.2,36.6,61.2,101.75,197.29,24.24,43.05,5950.1,12.20
2235,7410,61.2,36.5,61.2,101.78,197.22,24.65,40.54,6056.3,12.29
2236,7409,61.3,36.4,61.3,100.93,196.56,24.30,41.33,6114.0,12.54
2237,7409,61.4,36.3,61.4,101.26,197.08,24.57,41.68,6007.0,13.63
2238,7408,61.5,36.2,61.5,100.96,196.40,24.68,43.98,6088.9,11.93
2239,7407,61.6,36.1,61.6,101.26,197.11,24.54,40.01,6089.5,12.79
2240,7407,61.7,36.0,61.7,101.34,196.60,24.82,40.96,6111.4,12.02
2241,7406,61.7,35.9,61.7,101.46,196.56,25.37,44.27,6079.1,13.14
2242,7405,61.8,35.8,61.8,101.49,197.46,25.15,41.67,6097.7,12.10
2243,7405,61.9,35.7,61.9,101.31,197.09,24.92,43.63,6162.2,12.20
2244,7404,62.0,35.6,62.0,101.06,196.32,25.90,42.61,6184.7,12.57
2245,7403,62.1,35.5,62.1,101.65,197.68,25.50,42.08,6195.3,13.31
2246,7403,62.2,35.4,62.2,101.21,196.95,25.05,42.58,6292.0,10.99
2247,7402,62.2,35.3,62.2,100.92,196.06,24.81,42.36,6283.3,12.75
2248,7401,62.3,35.2,62.3,101.34,196.55,25.23,41.59,6229.7,12.05
2249,7401,62.4,35.1,62.4,101.49,196.10,24.87,41.27,6208.3,13.11
2250,7400,62.5,35.0,62.5,101.66,196.93,24.71,41.18,6293.6,12.11
2251,7399,62.6,34.9,62.6,100.92,195.88,24.93,43.59,6258.7,12.68
2252,7399,62.7,34.8,62.7,100.97,196.09,25.17,44.44,6266.0,12.68
2253,7398,62.7,34.7,62.7,100.56,195.24,25.69,43.89,6312.0,12.96
2254,7397,62.8,34.6,62.8,101.12,196.29,25.20,41.63,6343.1,12.14
2255,7397,62.9,34.5,62.9,101.43,196.75,25.29,42.97,6426.3,12.20
2256,7396,63.0,34.4,63.0,100.98,195.91,25.05,42.71,6412.5,13.30
2257,7395,63.1,34.3,63.1,100.69,195.94,24.48,42.70,6432.3,11.93
2258,7395,63.2,34.2,63.2,101.19,196.85,24.12,41.34,6384.2,11.95
2259,7394,63.2,34.1,63.2,100.75,195.78,25.36,41.07,6478.9,11.82
2260,7393,63.3,34.0,63.3,100.80,195.53,24.37,42.94,6475.9,12.61
2261,7393,63.4,33.9,63.4,101.05,196.15,24.91,42.85,6394.2,11.92
2262,7392,63.5,33.8,63.5,102.23,197.28,25.03,43.97,6485.9,11.43
2263,7391,63.6,33.7,63.6,101.02,196.12,24.57,42.61,6326.7,12.24
2264,7391,63.7,33.6,63.7,101.56,196.58,25.06,43.28,6479.8,13.14
2265,7390,63.7,33.5,63.7,101.68,197.07,24.59,40.38,6379.2,12.88
2266,7389,63.8,33.4,63.8,101.68,196.49,25.01,41.57,6496.2,12.67
2267,7389,63.9,33.3,63.9,101.26,195.99,26.02,44.42,6541.2,11.97
2268,7388,64.0,33.2,64.0,101.50,196.11,25.31,41.94,6613.6,12.17
2269,7387,64.1,33.1,64.1,101.32,196.23,25.69,43.31,6396.0,12.75
2270,7387,64.2,33.0,64.2,101.53,196.21,23.86,40.07,6540.0,12.78
2271,7386,64.2,32.9,64.2,101.39,195.93,24.96,41.57,6656.6,13.32
2272,7385,64.3,32.8,64.3,101.39,196.23,24.18,41.70,6561.5,12.37
2273,7385,64.4,32.7,64.4,101.57,196.15,25.98,43.15,6534.7,12.50
2274,7384,64.5,32.6,64.5,101.77,196.46,25.25,42.51,6639.9,12.75
2275,7383,64.6,32.5,64.6,101.84,196.90,25.33,41.01,6692.1,12.33
2276,7383,64.7,32.4,64.7,101.39,196.11,25.01,43.75,6632.9,12.42
2277,7382,64.7,32.3,64.7,101.29,195.87,24.13,41.68,6612.3,12.15
2278,7381,64.8,32.2,64.8,100.91,195.37,23.74,40.27,6665.3,12.93
2279,7381,64.9,32.1,64.9,100.80,195.02,25.00,40.01,6691.7,11.80
2280,7380,65.0,32.0,65.0,100.83,195.32,25.11,41.35,6678.7,11.93
2281,7379,65.1,31.9,65.1,101.14,196.00,24.59,42.20,6772.8,12.03
2282,7379,65.2,31.8,65.2,101.32,195.82,24.34,42.02,6853.5,13.12
2283,7378,65.2,31.7,65.2,101.47,195.40,24.75,40.92,6772.6,12.39
2284,7377,65.3,31.6,65.3,101.36,196.07,24.44,41.54,6805.4,11.17
2285,7377,65.4,31.5,65.4,100.90,195.33,26.15,44.06,6697.0,13.47
2286,7376,65.5,31.4,65.5,101.26,195.70,24.52,41.76,6744.7,12.02
2287,7375,65.6,31.3,65.6,100.99,195.15,24.43,41.30,6763.5,13.48
2288,7375,65.7,31.2,65.7,100.93,195.26,25.39,44.91,7017.1,13.31
2289,7374,65.7,31.1,65.7,101.68,196.32,24.99,42.22,6929.6,12.51
2290,7373,65.8,31.0,65.8,101.70,195.99,25.17,40.86,6823.7,12.01
2291,7373,65.9,30.9,65.9,101.76,196.08,25.38,43.24,6886.4,11.35
2292,7372,66.0,30.8,66.0,101.98,196.28,24.91,40.33,6966.1,13.80
2293,7371,66.1,30.7,66.1,101.66,195.70,24.71,40.57,6852.8,12.28
2294,7371,66.2,30.6,66.2,101.86,196.51,25.41,43.01,6933.5,12.22
2295,7370,66.2,30.5,66.2,100.98,195.79,25.22,43.63,6999.8,11.38
2296,7369,66.3,30.4,66.3,101.59,195.98,24.96,44.57,6950.3,12.57
2297,7369,66.4,30.3,66.4,101.50,195.37,24.82,41.80,7003.6,10.69
2298,7368,66.5,30.2,66.5,101.72,195.59,25.49,43.05,6922.2,13.01
2299,7367,66.6,30.1,66.6,102.07,196.01,25.37,42.04,6941.1,11.16
2300,7367,66.7,30.0,66.7,101.44,195.18,24.69,40.34,6892.7,11.77
2301,7366,66.7,29.9,66.7,100.79,194.50,25.30,40.26,7151.9,12.36
2302,7365,66.8,29.8,66.8,101.01,195.03,25.39,41.93,7000.5,14.15
2303,7365,66.9,29.7,66.9,101.81,195.84,25.12,41.15,6971.8,12.67
2304,7364,67.0,29.6,67.0,101.46,195.16,25.54,42.07,7092.9,12.48
2305,7363,67.1,29.5,67.1,100.93,194.71,24.98,40.62,7106.5,12.20
2306,7363,67.2,29.4,67.2,101.54,195.66,25.17,41.86,7232.6,11.82
2307,7362,67.2,29.3,67.2,100.62,194.64,25.32,43.32,7142.1,13.70
2308,7361,67.3,29.2,67.3,101.52,195.44,25.42,41.34,7099.9,13.08
2309,7361,67.4,29.1,67.4,100.66,194.73,24.84,43.32,7175.2,12.48
2310,7360,67.5,29.0,67.5,101.12,195.10,25.18,42.30,7144.6,12.32
2311,7359,67.6,28.9,67.6,100.85,194.46,26.11,44.72,7071.3,12.61
2312,7359,67.7,28.8,67.7,101.33,195.00,25.12,42.56,7175.5,12.86
2313,7358,67.7,28.7,67.7,101.01,194.13,24.59,42.67,7235.2,13.52
2314,7357,67.8,28.6,67.8,101.25,194.94,23.71,38.78,7123.3,11.45
2315,7357,67.9,28.5,67.9,101.39,195.15,23.77,43.03,7286.5,12.91
2316,7356,68.0,28.4,68.0,100.93,194.26,25.20,41.19,7279.6,13.03
2317,7355,68.1,28.3,68.1,101.26,195.24,24.93,41.25,7186.0,11.56
2318,7355,68.2,28.2,68.2,102.07,195.70,24.61,39.85,7205.6,12.48
2319,7354,68.2,28.1,68.2,100.97,194.44,24.86,40.52,7233.7,12.42
2320,7353,68.3,28.0,68.3,101.64,195.08,24.83,42.44,7332.2,12.47
2321,7353,68.4,27.9,68.4,101.77,195.40,25.18,42.38,7325.7,11.94
2322,7352,68.5,27.8,68.5,101.91,195.56,24.75,40.10,7250.2,12.13
2323,7351,68.6,27.7,68.6,101.71,195.40,25.59,41.87,7250.9,11.05
2324,7351,68.7,27.6,68.7,101.41,195.10,25.29,42.24,7381.2,12.33
2325,7350,68.7,27.5,68.7,102.07,195.52,25.00,42.57,7371.8,11.37
2326,7349,68.8,27.4,68.8,100.80,194.39,24.88,42.25,7555.2,11.52
2327,7349,68.9,27.3,68.9,100.99,194.40,25.56,41.56,7390.4,12.22
2328,7348,69.0,27.2,69.0,101.51,194.03,24.50,41.99,7410.3,12.58
2329,7347,69.1,27.1,69.1,101.52,194.60,24.00,38.96,7362.5,13.04
2330,7347,69.2,27.0,69.2,100.70,194.16,24.47,39.85,7373.8,12.41
2331,7346,69.2,26.9,69.2,101.76,194.94,25.27,40.77,7521.6,12.36
2332,7345,69.3,26.8,69.3,100.95,193.68,24.39,41.11,7319.0,13.69
2333,7345,69.4,26.7,69.4,100.88,193.74,23.88,41.81,7406.9,12.43
2334,7344,69.5,26.6,69.5,101.20,193.93,24.19,40.46,7518.2,12.74
2335,7343,69.6,26.5,69.6,100.83,194.13,25.15,40.59,7394.3,13.21
2336,7343,69.7,26.4,69.7,101.77,194.60,25.05,42.84,7483.9,11.66
2337,7342,69.7,26.3,69.7,101.12,194.55,25.35,42.30,7510.0,12.59
2338,7341,69.8,26.2,69.8,101.25,194.61,26.19,43.68,7580.8,11.63
2339,7341,69.9,26.1,69.9,100.39,193.68,25.13,40.96,7483.8,12.50
2340,7340,70.0,26.0,70.0,100.89,194.01,25.85,41.95,7535.7,11.87
2341,7339,70.1,25.9,70.1,101.20,194.05,25.35,42.01,7546.8,11.94
2342,7339,70.2,25.8,70.2,101.52,194.55,25.64,42.26,7698.4,11.84
2343,7338,70.2,25.7,70.2,101.49,194.78,25.63,43.18,7623.4,12.31
2344,7337,70.3,25.6,70.3,101.76,194.96,24.96,43.43,7573.0,11.89
2345,7337,70.4,25.5,70.4,101.52,194.22,25.12,42.29,7629.8,12.65
2346,7336,70.5,25.4,70.5,100.81,193.50,26.30,44.43,7564.0,13.00
2347,7335,70.6,25.3,70.6,101.60,194.36,25.16,39.76,7617.5,13.64
2348,7335,70.7,25.2,70.7,101.63,194.58,25.62,43.72,7615.3,12.30
2349,7334,70.7,25.1,70.7,101.73,194.74,24.96,42.14,7644.4,12.31
2350,7333,70.8,25.0,70.8,101.10,193.91,25.76,41.78,7671.4,12.87
2351,7333,70.9,24.9,70.9,101.97,194.52,25.30,41.94,7821.6,11.76
2352,7332,71.0,24.8,71.0,101.20,193.64,25.84,42.40,7813.9,11.83
2353,7331,71.1,24.7,71.1,100.78,193.71,25.48,43.02,7721.6,12.31
2354,7331,71.2,24.6,71.2,101.51,194.48,25.12,39.81,7885.7,13.88
2355,7330,71.2,24.5,71.2,101.39,194.37,25.50,41.43,7723.3,12.23
2356,7329,71.3,24.4,71.3,101.13,193.50,25.53,42.53,7815.7,12.71
2357,7329,71.4,24.3,71.4,102.23,194.67,24.69,40.34,7651.9,12.97
2358,7328,71.5,24.2,71.5,101.41,193.78,25.37,40.67,7827.8,11.86
2359,7327,71.6,24.1,71.6,101.61,194.31,25.80,42.40,7949.3,11.68
2360,7327,71.7,24.0,71.7,102.04,194.57,24.82,42.40,7811.9,12.35
2361,7326,71.7,23.9,71.7,101.38,193.69,24.60,44.17,7931.3,12.43
2362,7325,71.8,23.8,71.8,101.13,193.61,24.72,42.39,7943.1,12.79
2363,7325,71.9,23.7,71.9,101.61,194.06,24.97,41.83,7905.2,12.65
2364,7324,72.0,23.6,72.0,101.11,192.83,25.62,41.55,7867.3,12.46
2365,7323,72.1,23.5,72.1,101.56,193.97,24.47,43.26,7991.9,12.29
2366,7323,72.2,23.4,72.2,101.39,193.44,24.84,43.72,7925.2,11.40
2367,7322,72.2,23.3,72.2,101.76,193.57,24.37,40.50,7907.9,11.93
2368,7321,72.3,23.2,72.3,100.98,193.10,25.66,41.03,8029.7,13.41
2369,7321,72.4,23.1,72.4,100.79,193.17,24.98,41.96,8080.2,13.43
2370,7320,72.5,23.0,72.5,101.14,193.21,24.44,41.22,8089.4,11.62
2371,7319,72.6,22.9,72.6,101.25,193.77,24.18,39.96,8050.9,12.41
2372,7319,72.7,22.8,72.7,100.99,192.77,25.47,40.79,8047.0,12.51
2373,7318,72.7,22.7,72.7,101.24,193.13,25.96,41.90,8040.3,10.28
2374,7317,72.8,22.6,72.8,101.79,193.84,24.87,43.55,8018.0,12.15
2375,7317,72.9,22.5,72.9,101.17,193.15,25.18,43.47,8176.0,12.34
2376,7316,73.0,22.4,73.0,101.07,193.31,24.07,39.21,8157.1,11.97
2377,7315,73.1,22.3,73.1,101.43,193.27,24.37,41.75,8114.9,10.42
2378,7315,73.2,22.2,73.2,101.08,193.13,25.00,42.17,8232.3,12.42
2379,7314,73.2,22.1,73.2,101.73,193.95,25.10,41.89,8138.3,13.06
2380,7313,73.3,22.0,73.3,101.23,192.66,25.24,42.40,8127.1,12.83
2381,7313,73.4,21.9,73.4,100.93,192.40,25.04,41.40,8202.6,12.38
2382,7312,73.5,21.8,73.5,101.70,193.90,25.22,39.39,8257.1,11.78
2383,7311,73.6,21.7,73.6,100.97,192.39,24.69,41.49,8154.4,11.79
2384,7311,73.7,21.6,73.7,100.81,193.07,25.46,40.61,8223.0,10.59
2385,7310,73.7,21.5,73.7,101.02,192.85,24.73,41.53,8071.6,12.27
2386,7309,73.8,21.4,73.8,101.29,192.65,25.07,42.14,8303.9,11.93
2387,7309,73.9,21.3,73.9,101.60,193.76,24.16,41.01,8288.7,12.65
2388,7308,74.0,21.2,74.0,101.21,193.08,25.30,44.09,8086.6,12.86
2389,7307,74.1,21.1,74.1,101.24,193.23,24.75,41.49,8163.6,12.20
2390,7307,74.2,21.0,74.2,100.42,192.62,24.32,40.26,8346.3,12.32
2391,7306,74.2,20.9,74.2,101.09,192.84,25.81,43.68,8301.3,11.52
2392,7305,74.3,20.8,74.3,101.18,192.80,25.23,41.56,8285.0,12.39
2393,7305,74.4,20.7,74.4,101.34,193.62,25.89,41.38,8251.4,10.81
2394,7304,74.5,20.6,74.5,101.80,193.10,25.04,41.50,8331.7,12.54
2395,7303,74.6,20.5,74.6,101.11,192.24,24.98,41.41,8402.4,12.12
2396,7303,74.7,20.4,74.7,101.06,193.00,24.99,43.62,8318.0,11.29
2397,7302,74.7,20.3,74.7,100.81,191.57,24.57,40.58,8473.3,11.40
2398,7301,74.8,20.2,74.8,101.57,192.80,25.29,40.87,8303.3,12.05
2399,7301,74.9,20.1,74.9,100.88,192.26,24.29,40.04,8529.0,13.02
2400,7300,75.0,20.0,75.0,101.39,193.34,25.14,42.77,8434.0,12.23
2401,7301,75.0,20.0,75.0,100.84,191.46,24.75,41.43,8383.2,11.97
2402,7302,75.1,19.9,75.0,101.55,193.07,25.45,41.29,8443.2,12.87
2403,7303,75.1,19.9,75.1,101.95,192.95,25.94,43.91,8433.1,11.81
2404,7304,75.1,19.9,75.1,101.30,193.13,24.97,38.60,8561.0,12.06
2405,7305,75.2,19.9,75.1,101.26,192.89,25.04,39.56,8428.5,12.65
2406,7306,75.2,19.8,75.1,102.01,193.46,25.17,41.28,8478.5,11.60
2407,7307,75.2,19.8,75.2,101.30,192.78,24.61,38.44,8379.3,12.05
2408,7308,75.3,19.8,75.2,101.64,193.57,25.65,41.93,8446.8,11.85
2409,7309,75.3,19.8,75.2,101.43,192.76,25.30,41.99,8452.6,12.23
2410,7310,75.3,19.7,75.2,101.26,192.91,24.34,41.34,8537.0,13.00
2411,7311,75.4,19.7,75.3,101.24,192.53,25.04,39.49,8439.6,12.38
2412,7312,75.4,19.7,75.3,101.01,192.08,25.26,42.73,8545.3,12.14
2413,7313,75.4,19.7,75.3,101.65,193.78,24.82,41.55,8560.6,12.19
2414,7314,75.5,19.6,75.3,100.93,192.73,24.91,40.71,8408.7,11.86
2415,7315,75.5,19.6,75.3,101.67,193.07,25.54,41.10,8521.0,12.85
2416,7316,75.5,19.6,75.4,101.09,193.05,25.32,40.40,8505.0,11.86
2417,7317,75.6,19.5,75.4,101.07,192.82,25.28,40.67,8670.1,11.76
2418,7318,75.6,19.5,75.4,101.94,193.42,25.17,41.00,8712.1,11.80
2419,7319,75.6,19.5,75.4,101.13,192.89,24.22,39.69,8598.5,12.23
2420,7320,75.7,19.5,75.5,101.26,192.65,25.40,40.71,8662.2,11.41
2421,7321,75.7,19.4,75.5,101.13,192.37,25.30,42.06,8485.0,12.87
2422,7322,75.7,19.4,75.5,101.31,193.20,25.39,40.75,8649.0,12.78
2423,7323,75.8,19.4,75.5,101.72,193.72,25.32,42.37,8559.6,11.04
2424,7324,75.8,19.4,75.6,101.75,193.68,25.14,41.11,8486.8,12.35
2425,7325,75.8,19.3,75.6,101.49,193.44,24.51,41.49,8597.4,11.96
2426,7326,75.9,19.3,75.6,101.33,192.88,24.34,37.46,8650.3,12.05
2427,7327,75.9,19.3,75.6,101.39,193.30,24.94,41.26,8618.9,12.19
2428,7328,75.9,19.3,75.7,101.00,193.38,25.24,40.29,8674.3,12.48
2429,7329,76.0,19.2,75.7,101.47,193.38,25.13,40.22,8764.1,11.41
2430,7330,76.0,19.2,75.7,101.29,192.85,24.71,37.75,8781.1,11.81
2431,7331,76.0,19.2,75.7,101.43,193.07,24.90,42.42,8761.0,12.56
2432,7332,76.1,19.1,75.7,101.66,194.02,24.60,40.92,8656.2,11.14
2433,7333,76.1,19.1,75.8,101.74,194.21,24.83,43.02,8706.9,12.73
2434,7334,76.1,19.1,75.8,101.71,193.84,25.67,42.50,8693.3,12.64
2435,7335,76.2,19.1,75.8,101.31,193.65,24.74,42.27,8689.1,11.44
2436,7336,76.2,19.0,75.8,100.87,193.18,25.03,42.28,8769.5,12.13
2437,7337,76.2,19.0,75.9,101.04,193.55,24.38,42.62,8632.5,12.31
2438,7338,76.3,19.0,75.9,101.91,194.16,24.88,41.19,8809.1,12.35
2439,7339,76.3,19.0,75.9,101.62,193.46,24.35,39.51,8743.3,13.03
2440,7340,76.3,18.9,75.9,100.68,192.31,25.28,41.52,8765.1,12.64
2441,7341,76.4,18.9,76.0,101.50,193.73,24.26,42.29,8824.0,12.75
2442,7342,76.4,18.9,76.0,101.26,193.46,24.73,40.67,8710.4,12.44
2443,7343,76.4,18.9,76.0,101.75,193.86,25.55,41.54,8864.0,11.48
2444,7344,76.5,18.8,76.0,101.16,193.39,24.97,42.26,8822.7,13.07
2445,7345,76.5,18.8,76.0,101.05,193.15,25.31,43.29,8651.8,11.75
2446,7346,76.5,18.8,76.1,101.10,193.49,25.02,42.89,8701.4,12.11
2447,7347,76.6,18.7,76.1,101.22,193.17,25.10,42.72,8755.6,12.28
2448,7348,76.6,18.7,76.1,101.82,193.75,24.63,44.54,8851.7,11.81
2449,7349,76.6,18.7,76.1,101.30,193.15,25.10,41.46,8843.1,11.89
2450,7350,76.7,18.7,76.2,101.14,193.26,24.83,40.54,8765.3,13.53
2451,7351,76.7,18.6,76.2,101.47,193.88,24.63,42.12,8894.0,12.16
2452,7352,76.7,18.6,76.2,100.65,192.81,23.88,40.43,8688.2,12.39
2453,7353,76.8,18.6,76.2,100.95,193.67,24.69,41.32,8828.7,12.80
2454,7354,76.8,18.6,76.3,101.74,194.14,25.09,41.36,8822.5,12.21
2455,7355,76.8,18.5,76.3,101.25,193.63,25.22,41.16,8822.5,12.63
2456,7356,76.9,18.5,76.3,101.34,193.55,25.18,41.02,8988.3,11.91
2457,7357,76.9,18.5,76.3,101.08,193.72,25.15,42.23,8935.5,12.96
2458,7358,76.9,18.5,76.4,100.67,193.13,25.15,40.34,8839.3,11.98
2459,7359,77.0,18.4,76.4,100.83,193.15,25.11,42.57,8927.8,11.86
2460,7360,77.0,18.4,76.4,101.43,194.62,25.49,40.63,8837.3,13.59
2461,7361,77.0,18.4,76.4,100.94,193.30,25.02,40.62,8962.5,11.79
2462,7362,77.1,18.3,76.4,100.89,193.51,24.06,39.95,8898.6,12.38
2463,7363,77.1,18.3,76.5,101.60,194.74,25.12,41.79,9010.7,13.13
2464,7364,77.1,18.3,76.5,101.46,194.22,24.07,39.18,9009.0,12.34
2465,7365,77.2,18.3,76.5,100.69,193.45,24.96,42.62,8924.0,12.63
2466,7366,77.2,18.2,76.5,101.23,193.63,25.70,42.41,9021.1,12.46
2467,7367,77.2,18.2,76.6,101.36,193.92,25.40,42.46,8965.2,12.61
2468,7368,77.3,18.2,76.6,100.62,193.28,24.86,43.00,9042.1,12.43
2469,7369,77.3,18.2,76.6,100.54,193.39,24.28,39.93,8991.0,12.04
2470,7370,77.3,18.1,76.6,101.14,193.21,24.53,40.35,9012.4,12.94
2471,7371,77.4,18.1,76.7,101.09,194.16,25.97,44.21,8809.5,11.96
2472,7372,77.4,18.1,76.7,101.17,194.34,24.31,42.11,8872.8,12.77
2473,7373,77.4,18.1,76.7,101.36,193.94,24.50,41.27,9054.6,11.39
2474,7374,77.5,18.0,76.7,101.89,194.88,25.20,42.33,8982.7,12.39
2475,7375,77.5,18.0,76.7,101.55,194.49,25.60,42.23,9093.1,12.55
2476,7376,77.5,18.0,76.8,101.43,194.25,25.08,41.60,9096.9,12.76
2477,7377,77.6,17.9,76.8,101.02,194.39,25.25,42.42,9211.7,12.64
2478,7378,77.6,17.9,76.8,100.84,194.22,24.68,41.37,8985.1,11.77
2479,7379,77.6,17.9,76.8,101.54,194.25,24.00,39.76,8859.1,11.15
2480,7380,77.7,17.9,76.9,101.46,194.23,25.24,41.84,9154.6,12.15
2481,7381,77.7,17.8,76.9,101.62,193.78,25.09,40.75,9233.8,12.50
2482,7382,77.7,17.8,76.9,101.86,194.63,24.50,41.02,9188.4,12.61
2483,7383,77.8,17.8,76.9,101.15,194.09,25.38,42.83,9053.3,12.37
2484,7384,77.8,17.8,77.0,101.51,194.25,25.66,42.34,9107.0,12.88
2485,7385,77.8,17.7,77.0,100.46,193.23,24.88,40.35,9249.8,12.39
2486,7386,77.9,17.7,77.0,100.86,194.19,23.93,39.42,9153.6,11.69
2487,7387,77.9,17.7,77.0,101.59,194.15,24.48,39.36,8981.1,11.80
2488,7388,77.9,17.7,77.1,101.28,193.98,25.07,39.49,9167.5,13.06
2489,7389,78.0,17.6,77.1,101.73,195.31,24.37,40.33,9094.7,12.14
2490,7390,78.0,17.6,77.1,100.99,194.08,25.15,39.44,9055.6,11.49
2491,7391,78.0,17.6,77.1,101.92,194.54,25.19,41.60,8991.5,13.03
2492,7392,78.1,17.5,77.1,101.42,195.16,25.09,40.61,9048.7,11.06
2493,7393,78.1,17.5,77.2,101.83,195.21,25.63,42.64,9255.6,12.95
2494,7394,78.1,17.5,77.2,100.90,194.25,25.56,41.26,9211.9,12.66
2495,7395,78.2,17.5,77.2,100.10,193.02,25.09,43.51,9283.1,12.07
2496,7396,78.2,17.4,77.2,101.79,194.86,25.49,41.42,9072.6,12.06
2497,7397,78.2,17.4,77.3,102.03,195.42,24.99,41.88,9256.5,12.14
2498,7398,78.3,17.4,77.3,100.72,193.34,25.53,41.44,9195.6,12.35
2499,7399,78.3,17.4,77.3,101.54,194.41,24.29,42.23,9180.0,12.17
2500,7400,78.3,17.3,77.3,101.21,194.48,24.38,40.70,9309.7,12.03
2501,7401,78.4,17.3,77.4,101.55,194.86,24.16,40.15,9310.5,13.43
2502,7402,78.4,17.3,77.4,101.80,194.89,25.15,41.00,9396.6,11.80
2503,7403,78.4,17.3,77.4,101.86,195.71,25.09,40.71,9324.6,12.99
2504,7404,78.5,17.2,77.4,101.41,194.30,24.85,44.22,9095.4,13.21
2505,7405,78.5,17.2,77.4,101.64,195.56,25.74,42.58,9230.5,11.72
2506,7406,78.5,17.2,77.5,101.63,194.98,25.25,42.08,9237.6,13.12
2507,7407,78.6,17.1,77.5,101.35,195.00,25.24,43.62,9102.8,13.03
2508,7408,78.6,17.1,77.5,102.25,195.92,24.88,42.01,9234.6,12.39
2509,7409,78.6,17.1,77.5,101.19,194.68,24.99,41.43,9304.5,12.23
2510,7410,78.7,17.1,77.6,101.12,194.57,24.53,40.73,9308.1,12.27
2511,7411,78.7,17.0,77.6,101.26,194.67,24.98,42.05,9291.5,11.91
2512,7412,78.7,17.0,77.6,101.25,195.06,24.88,40.45,9369.1,12.95
2513,7413,78.8,17.0,77.6,101.69,195.00,24.62,40.85,9290.3,12.32
2514,7414,78.8,17.0,77.7,101.75,195.07,25.52,39.97,9189.5,14.08
2515,7415,78.8,16.9,77.7,100.45,193.86,25.79,43.50,9351.2,13.97
2516,7416,78.9,16.9,77.7,101.16,194.66,25.33,42.05,9339.5,12.33
2517,7417,78.9,16.9,77.7,101.92,196.17,24.28,43.31,9534.4,12.98
2518,7418,78.9,16.9,77.8,100.93,194.88,25.50,41.78,9642.6,13.15
2519,7419,79.0,16.8,77.8,101.80,195.33,25.26,42.48,9396.6,12.29
2520,7420,79.0,16.8,77.8,100.64,194.70,25.43,42.18,9383.2,11.86
2521,7421,79.0,16.8,77.8,101.68,195.45,25.20,43.30,9293.2,13.19
2522,7422,79.1,16.7,77.8,101.11,195.32,24.95,41.12,9361.4,12.44
2523,7423,79.1,16.7,77.9,101.52,195.18,25.89,43.37,9415.4,12.17
2524,7424,79.1,16.7,77.9,101.71,195.70,24.61,39.44,9460.3,12.02
2525,7425,79.2,16.7,77.9,102.08,195.69,24.97,40.46,9381.5,11.30
2526,7426,79.2,16.6,77.9,101.97,196.15,24.34,39.36,9329.6,13.26
2527,7427,79.2,16.6,78.0,101.39,195.20,25.21,43.48,9405.4,13.00
2528,7428,79.3,16.6,78.0,100.68,194.49,24.19,41.21,9380.1,12.30
2529,7429,79.3,16.6,78.0,100.63,194.86,25.44,41.30,9302.6,13.48
2530,7430,79.3,16.5,78.0,101.57,195.97,24.95,42.13,9594.5,12.78
2531,7431,79.4,16.5,78.1,101.38,195.38,25.15,40.51,9348.5,12.53
2532,7432,79.4,16.5,78.1,100.76,193.91,24.26,41.72,9582.6,11.50
2533,7433,79.4,16.5,78.1,101.34,195.70,25.05,41.32,9375.4,12.82
2534,7434,79.5,16.4,78.1,101.80,195.88,25.83,43.92,9591.3,13.03
2535,7435,79.5,16.4,78.1,101.19,195.44,25.75,42.60,9464.5,12.62
2536,7436,79.5,16.4,78.2,100.69,195.58,25.70,41.94,9516.7,12.40
2537,7437,79.6,16.3,78.2,101.82,196.15,25.18,41.94,9457.9,12.20
2538,7438,79.6,16.3,78.2,100.95,195.30,24.88,41.64,9414.0,11.82
2539,7439,79.6,16.3,78.2,101.25,195.74,24.68,41.01,9505.2,12.59
2540,7440,79.7,16.3,78.3,101.76,196.49,25.44,42.64,9545.6,13.50
2541,7441,79.7,16.2,78.3,101.22,195.00,23.69,39.79,9441.5,11.95
2542,7442,79.7,16.2,78.3,100.97,195.19,25.71,44.48,9666.5,12.20
2543,7443,79.8,16.2,78.3,100.74,194.96,24.75,40.94,9577.7,12.00
2544,7444,79.8,16.2,78.4,100.60,195.02,25.66,41.67,9582.3,12.19
2545,7445,79.8,16.1,78.4,101.67,196.54,24.59,42.26,9712.3,13.07
2546,7446,79.9,16.1,78.4,101.25,195.51,24.70,41.04,9324.2,13.02
2547,7447,79.9,16.1,78.4,101.82,196.32,25.58,42.32,9555.0,12.16
2548,7448,79.9,16.1,78.5,101.63,196.32,25.51,41.77,9527.6,12.67
2549,7449,80.0,16.0,78.5,101.48,195.63,24.48,40.82,9420.4,12.74
2550,7450,80.0,16.0,78.5,100.71,195.01,25.72,42.72,9442.9,12.31
2551,7451,80.0,16.0,78.5,100.88,195.64,25.55,41.35,9486.9,13.43
2552,7452,80.1,15.9,78.5,100.80,195.55,24.73,42.88,9648.2,13.63
2553,7453,80.1,15.9,78.6,101.72,196.74,25.37,44.15,9561.1,13.05
2554,7454,80.1,15.9,78.6,101.50,196.31,24.51,41.81,9769.1,13.48
2555,7455,80.2,15.9,78.6,101.10,195.48,25.03,44.99,9493.5,12.38
2556,7456,80.2,15.8,78.6,101.70,195.79,25.17,41.44,9601.8,13.48
2557,7457,80.2,15.8,78.7,101.72,196.03,25.41,43.16,9800.3,12.72
2558,7458,80.3,15.8,78.7,101.52,195.98,25.06,40.16,9637.0,13.13
2559,7459,80.3,15.8,78.7,101.67,196.15,25.30,42.18,9647.3,13.20
2560,7460,80.3,15.7,78.7,101.17,195.51,24.41,40.29,9793.1,13.75
2561,7461,80.4,15.7,78.8,101.48,196.04,24.88,40.80,9708.5,13.66
2562,7462,80.4,15.7,78.8,100.31,194.85,25.61,42.16,9702.5,13.33
2563,7463,80.4,15.7,78.8,100.70,195.39,25.16,41.44,9830.3,13.11
2564,7464,80.5,15.6,78.8,101.74,196.72,24.35,41.27,9688.9,13.08
2565,7465,80.5,15.6,78.8,100.84,195.58,25.58,43.05,9595.0,12.60
2566,7466,80.5,15.6,78.9,101.29,196.09,25.18,41.53,9807.0,12.64
2567,7467,80.6,15.5,78.9,100.96,195.77,24.89,42.45,9642.2,12.76
2568,7468,80.6,15.5,78.9,101.86,196.25,24.04,41.45,9731.4,12.40
2569,7469,80.6,15.5,78.9,100.60,195.64,26.22,44.14,9938.3,12.73
2570,7470,80.7,15.5,79.0,101.11,195.50,25.95,44.87,9733.3,12.89
2571,7471,80.7,15.4,79.0,101.03,196.11,24.09,39.22,9857.2,13.43
2572,7472,80.7,15.4,79.0,101.16,196.02,24.97,41.41,9785.3,12.39
2573,7473,80.8,15.4,79.0,101.83,197.11,24.03,40.71,9830.2,12.66
2574,7474,80.8,15.4,79.1,101.53,196.61,25.33,40.37,9805.6,12.68
2575,7475,80.8,15.3,79.1,100.99,196.35,24.11,41.11,9831.7,12.26
2576,7476,80.9,15.3,79.1,101.23,196.32,24.55,41.68,9944.4,12.37
2577,7477,80.9,15.3,79.1,101.06,195.67,24.64,43.09,9776.3,13.93
2578,7478,80.9,15.3,79.2,101.04,196.43,24.76,41.36,10002.2,13.93
2579,7479,81.0,15.2,79.2,102.19,196.74,25.20,41.13,9877.4,12.73
2580,7480,81.0,15.2,79.2,101.79,196.29,25.87,43.54,9890.3,12.60
2581,7481,81.0,15.2,79.2,101.13,195.97,25.26,42.19,9705.3,13.80
2582,7482,81.1,15.1,79.2,101.63,196.19,25.13,41.90,9858.6,13.46
2583,7483,81.1,15.1,79.3,101.56,196.66,24.57,40.55,9904.9,13.03
2584,7484,81.1,15.1,79.3,101.04,196.67,24.51,41.45,9705.3,11.24
2585,7485,81.2,15.1,79.3,100.83,195.95,25.90,40.06,9986.0,13.04
2586,7486,81.2,15.0,79.3,101.02,195.89,25.68,42.26,9896.9,12.97
2587,7487,81.2,15.0,79.4,100.98,196.38,24.98,41.38,9945.8,12.66
2588,7488,81.3,15.0,79.4,101.77,196.83,25.11,41.54,9855.1,11.88
2589,7489,81.3,15.0,79.4,101.28,196.26,25.31,42.75,10061.2,13.66
2590,7490,81.3,14.9,79.4,101.64,196.85,25.41,43.18,9922.6,13.21
2591,7491,81.4,14.9,79.5,101.31,196.76,25.43,44.18,9933.6,12.83
2592,7492,81.4,14.9,79.5,101.53,197.06,24.79,41.87,9984.3,11.94
2593,7493,81.4,14.9,79.5,101.67,196.72,24.64,43.58,10050.7,12.41
2594,7494,81.5,14.8,79.5,100.91,196.22,25.78,40.75,10075.9,12.59
2595,7495,81.5,14.8,79.5,100.61,195.87,24.73,40.73,9886.4,13.59
2596,7496,81.5,14.8,79.6,101.25,196.27,24.70,41.62,9988.0,12.70
2597,7497,81.6,14.7,79.6,101.16,196.51,24.87,41.30,9820.7,13.21
2598,7498,81.6,14.7,79.6,101.82,196.98,26.23,42.76,9945.8,13.47
2599,7499,81.6,14.7,79.6,101.55,197.27,24.37,40.86,9787.6,12.92
2600,7500,81.7,14.7,79.7,101.92,197.18,25.22,40.72,9928.9,12.26
2601,7501,81.7,14.6,79.7,101.34,197.13,25.03,42.92,9882.0,12.47
2602,7502,81.7,14.6,79.7,101.32,197.14,25.27,41.95,9988.5,12.53
2603,7503,81.8,14.6,79.7,100.90,196.52,24.50,40.13,9978.9,13.33
2604,7504,81.8,14.6,79.8,101.42,196.66,25.61,42.24,10111.1,12.99
2605,7505,81.8,14.5,79.8,101.56,196.57,24.38,40.33,10141.7,13.30
2606,7506,81.9,14.5,79.8,101.66,196.64,24.70,42.18,10084.8,13.13
2607,7507,81.9,14.5,79.8,101.58,197.19,25.46,41.87,10039.1,12.34
2608,7508,81.9,14.5,79.9,101.65,197.43,25.35,41.90,10005.5,12.37
2609,7509,82.0,14.4,79.9,101.56,197.01,25.54,44.51,10029.5,13.05
2610,7510,82.0,14.4,79.9,101.41,196.71,25.25,40.14,10065.1,12.70
2611,7511,82.0,14.4,79.9,101.53,196.99,24.36,41.02,10014.2,14.21
2612,7512,82.1,14.3,79.9,100.83,196.42,24.58,41.33,10260.7,13.30
2613,7513,82.1,14.3,80.0,101.19,196.56,24.68,41.83,10031.2,12.67
2614,7514,82.1,14.3,80.0,102.01,197.89,25.01,38.07,10048.9,13.12
2615,7515,82.2,14.3,80.0,101.24,197.18,25.64,42.05,9941.8,13.54
2616,7516,82.2,14.2,80.0,101.13,196.77,25.87,44.02,10192.2,13.29
2617,7517,82.2,14.2,80.1,101.18,196.28,25.07,42.11,10248.3,13.55
2618,7518,82.3,14.2,80.1,101.42,196.69,24.60,41.26,10162.2,13.59
2619,7519,82.3,14.2,80.1,100.72,196.55,24.97,41.43,10114.0,12.79
2620,7520,82.3,14.1,80.1,101.71,197.51,24.66,42.06,10140.8,12.88
2621,7521,82.4,14.1,80.2,101.52,197.29,25.27,42.72,10230.4,13.34
2622,7522,82.4,14.1,80.2,101.75,197.89,24.83,40.81,10213.3,12.25
2623,7523,82.4,14.1,80.2,101.82,197.80,24.99,41.73,10257.6,13.58
2624,7524,82.5,14.0,80.2,101.47,197.48,25.58,44.16,10252.5,12.21
2625,7525,82.5,14.0,80.2,100.82,196.13,25.07,39.55,10341.8,13.39
2626,7526,82.5,14.0,80.3,101.29,197.11,24.52,41.23,10323.1,12.74
2627,7527,82.6,13.9,80.3,101.06,196.71,25.65,41.39,10176.2,13.18
2628,7528,82.6,13.9,80.3,101.33,197.03,25.33,43.18,10081.3,13.37
2629,7529,82.6,13.9,80.3,101.14,196.99,24.97,42.38,9990.1,12.28
2630,7530,82.7,13.9,80.4,101.49,197.68,25.66,44.60,10161.6,12.37
2631,7531,82.7,13.8,80.4,100.60,197.19,24.83,39.85,10324.4,14.06
2632,7532,82.7,13.8,80.4,100.89,196.47,25.16,44.18,10234.1,12.90
2633,7533,82.8,13.8,80.4,101.14,196.85,25.22,42.57,10262.8,13.46
2634,7534,82.8,13.8,80.5,101.23,197.61,24.72,42.84,10346.6,12.83
2635,7535,82.8,13.7,80.5,101.55,197.53,26.17,43.95,10173.9,13.97
2636,7536,82.9,13.7,80.5,102.50,198.75,25.47,42.24,10344.4,12.95
2637,7537,82.9,13.7,80.5,101.36,197.83,25.63,43.53,10367.9,14.07
2638,7538,82.9,13.7,80.6,101.71,197.79,25.07,42.18,10367.4,13.23
2639,7539,83.0,13.6,80.6,101.19,197.78,25.37,42.04,10528.3,13.11
2640,7540,83.0,13.6,80.6,101.59,197.37,24.78,41.43,10248.8,13.08
2641,7541,83.0,13.6,80.6,101.30,197.66,24.19,39.75,10406.9,12.62
2642,7542,83.1,13.5,80.6,101.79,197.79,24.28,43.47,10382.8,13.13
2643,7543,83.1,13.5,80.7,100.74,197.14,25.48,42.79,10384.6,12.89
2644,7544,83.1,13.5,80.7,101.31,197.91,25.75,44.49,10474.6,13.22
2645,7545,83.2,13.5,80.7,101.69,198.22,25.11,40.31,10369.7,13.06
2646,7546,83.2,13.4,80.7,102.17,198.58,25.17,41.03,10442.4,13.72
2647,7547,83.2,13.4,80.8,101.31,197.50,25.32,43.88,10354.5,12.54
2648,7548,83.3,13.4,80.8,101.53,197.45,24.73,42.29,10428.8,14.18
2649,7549,83.3,13.4,80.8,101.92,198.20,24.68,42.20,10435.7,13.88
2650,7550,83.3,13.3,80.8,101.31,198.02,25.03,42.86,10476.2,14.41
2651,7551,83.4,13.3,80.9,100.98,197.66,24.93,43.29,10360.9,13.37
2652,7552,83.4,13.3,80.9,101.27,197.63,24.71,41.76,10405.3,12.54
2653,7553,83.4,13.3,80.9,101.04,197.73,24.65,42.41,10448.7,13.56
2654,7554,83.5,13.2,80.9,101.57,198.03,24.52,39.74,10548.2,13.46
2655,7555,83.5,13.2,80.9,101.70,197.57,24.64,42.35,10495.6,12.72
2656,7556,83.5,13.2,81.0,101.37,197.76,24.48,41.10,10322.1,13.73
2657,7557,83.6,13.1,81.0,101.20,197.73,25.50,42.72,10513.0,12.82
2658,7558,83.6,13.1,81.0,101.04,197.93,25.03,40.27,10524.3,14.05
2659,7559,83.6,13.1,81.0,101.20,197.62,25.00,42.62,10373.8,12.85
2660,7560,83.7,13.1,81.1,100.38,196.76,25.72,43.89,10290.2,13.35
2661,7561,83.7,13.0,81.1,101.08,197.50,25.38,42.78,10505.1,13.53
2662,7562,83.7,13.0,81.1,101.33,197.85,24.55,41.03,10431.4,13.49
2663,7563,83.8,13.0,81.1,101.66,197.80,25.45,42.33,10325.6,11.89
2664,7564,83.8,13.0,81.2,100.93,197.25,25.21,44.13,10353.5,12.88
2665,7565,83.8,12.9,81.2,100.92,197.85,24.86,43.46,10571.8,13.12
2666,7566,83.9,12.9,81.2,101.37,198.30,25.54,43.37,10624.0,13.29
2667,7567,83.9,12.9,81.2,101.46,198.41,25.33,44.53,10523.6,14.21
2668,7568,83.9,12.9,81.3,100.86,197.37,26.40,41.74,10570.3,13.24
2669,7569,84.0,12.8,81.3,101.09,197.20,25.27,43.78,10561.0,14.22
2670,7570,84.0,12.8,81.3,101.74,198.57,24.08,41.28,10564.7,12.99
2671,7571,84.0,12.8,81.3,101.41,198.26,25.40,44.31,10622.2,14.42
2672,7572,84.1,12.7,81.3,101.18,197.89,26.07,42.31,10532.1,14.37
2673,7573,84.1,12.7,81.4,101.36,198.64,25.00,40.87,10481.7,12.34
2674,7574,84.1,12.7,81.4,101.38,197.91,25.15,43.05,10573.8,14.89
2675,7575,84.2,12.7,81.4,101.24,197.74,24.09,39.32,10567.6,14.02
2676,7576,84.2,12.6,81.4,101.61,197.96,26.13,43.06,10575.6,13.78
2677,7577,84.2,12.6,81.5,101.74,199.03,24.02,42.21,10740.2,12.94
2678,7578,84.3,12.6,81.5,101.77,198.52,24.45,42.42,10654.5,13.31
2679,7579,84.3,12.6,81.5,101.64,199.07,24.99,42.81,10676.1,12.72
2680,7580,84.3,12.5,81.5,101.94,199.22,25.27,41.74,10738.3,14.09
2681,7581,84.4,12.5,81.6,101.79,199.00,25.25,43.06,10572.4,14.10
2682,7582,84.4,12.5,81.6,100.70,197.42,24.58,41.30,10647.3,13.69
2683,7583,84.4,12.5,81.6,101.24,197.97,25.70,42.54,10561.4,13.93
2684,7584,84.5,12.4,81.6,101.41,198.48,24.52,43.49,10887.8,13.36
2685,7585,84.5,12.4,81.6,101.40,198.16,24.91,42.66,10616.7,14.12
2686,7586,84.5,12.4,81.7,101.44,198.74,25.60,41.94,10681.3,12.93
2687,7587,84.6,12.3,81.7,101.16,198.36,25.60,42.41,10602.4,13.99
2688,7588,84.6,12.3,81.7,101.14,198.11,24.34,39.90,10658.0,14.28
2689,7589,84.6,12.3,81.7,101.19,198.73,24.72,42.81,10888.2,13.37
2690,7590,84.7,12.3,81.8,101.73,198.94,24.93,42.82,10759.6,14.22
2691,7591,84.7,12.2,81.8,101.48,198.75,25.47,42.82,10557.4,13.53
2692,7592,84.7,12.2,81.8,100.88,198.29,25.42,43.92,10681.4,12.51
2693,7593,84.8,12.2,81.8,101.39,198.97,24.42,41.63,10629.1,12.53
2694,7594,84.8,12.2,81.9,101.50,198.91,23.49,41.46,10666.4,13.48
2695,7595,84.8,12.1,81.9,100.93,198.04,24.87,42.07,10863.2,13.35
2696,7596,84.9,12.1,81.9,101.56,198.48,25.03,40.62,10941.7,12.85
2697,7597,84.9,12.1,81.9,100.70,197.67,26.02,43.51,10758.4,13.42
2698,7598,84.9,12.1,82.0,101.45,199.22,25.36,42.20,10813.5,13.67
2699,7599,85.0,12.0,82.0,101.29,199.00,25.37,43.50,10805.8,13.56
2700,7600,85.0,12.0,82.0,101.74,199.65,24.92,43.45,10878.4,13.69
2701,7599,84.9,12.1,81.9,101.59,199.09,25.32,43.00,10839.9,13.46
2702,7599,84.8,12.2,81.8,100.93,198.15,25.77,44.08,10818.8,12.18
2703,7598,84.8,12.3,81.7,101.29,198.12,25.27,43.46,10732.9,12.52
2704,7597,84.7,12.4,81.6,100.96,198.03,25.78,42.78,10667.1,13.93
2705,7597,84.6,12.5,81.6,101.13,198.43,25.35,43.33,10699.4,11.53
2706,7596,84.5,12.7,81.5,101.48,198.27,24.19,39.84,10531.7,12.46
2707,7595,84.4,12.8,81.4,100.77,198.00,24.12,41.13,10988.8,13.49
2708,7595,84.3,12.9,81.3,100.86,198.46,23.93,42.46,10741.1,13.09
2709,7594,84.3,13.0,81.2,101.44,198.70,24.79,43.10,10803.1,13.13
2710,7593,84.2,13.1,81.1,101.72,199.33,24.87,40.61,10697.8,14.32
2711,7593,84.1,13.2,81.0,100.92,198.31,24.84,41.25,10527.1,13.27
2712,7592,84.0,13.3,80.9,101.45,198.84,24.93,42.06,10486.2,13.83
2713,7591,83.9,13.4,80.8,101.40,198.20,25.12,43.64,10669.5,12.66
2714,7591,83.8,13.5,80.7,101.64,199.23,24.97,43.65,10603.5,14.10
2715,7590,83.8,13.6,80.7,101.81,199.27,24.75,41.45,10639.9,13.93
2716,7589,83.7,13.8,80.6,101.08,198.33,24.87,43.51,10671.7,12.60
2717,7589,83.6,13.9,80.5,101.45,198.30,24.50,41.57,10503.9,13.25
2718,7588,83.5,14.0,80.4,101.38,198.48,25.88,43.59,10586.1,13.21
2719,7587,83.4,14.1,80.3,100.86,198.57,24.43,44.10,10385.5,12.49
2720,7587,83.3,14.2,80.2,101.17,198.75,25.16,44.74,10421.4,13.48
2721,7586,83.3,14.3,80.1,101.84,199.60,24.39,43.48,10297.6,14.18
2722,7585,83.2,14.4,80.0,101.46,198.63,24.32,42.75,10441.4,14.00
2723,7585,83.1,14.5,79.9,101.02,198.71,25.02,42.94,10240.6,13.12
2724,7584,83.0,14.6,79.8,101.44,198.93,25.19,43.60,10325.3,14.47
2725,7583,82.9,14.7,79.8,100.56,198.15,24.80,41.05,10450.6,12.59
2726,7583,82.8,14.9,79.7,101.00,198.13,25.25,43.22,10283.1,13.34
2727,7582,82.8,15.0,79.6,100.55,198.46,23.75,41.20,10283.7,12.70
2728,7581,82.7,15.1,79.5,101.19,198.58,25.09,39.27,10301.3,14.08
2729,7581,82.6,15.2,79.4,100.90,198.19,24.62,38.54,10421.6,14.25
2730,7580,82.5,15.3,79.3,101.55,199.23,25.51,42.56,10235.1,13.42
2731,7579,82.4,15.4,79.2,101.44,198.45,25.51,42.98,10293.3,13.37
2732,7579,82.3,15.5,79.1,101.36,198.57,24.86,39.71,10254.3,14.09
2733,7578,82.3,15.6,79.0,101.39,199.21,24.64,42.28,10305.7,12.94
2734,7577,82.2,15.7,78.9,100.80,198.44,25.61,43.58,10150.6,14.23
2735,7577,82.1,15.8,78.9,101.09,198.57,24.57,42.00,10245.8,13.93
2736,7576,82.0,16.0,78.8,101.30,198.26,25.34,42.07,9887.7,13.40
2737,7575,81.9,16.1,78.7,101.87,199.31,24.61,42.57,10225.3,12.79
2738,7575,81.8,16.2,78.6,101.18,198.63,25.34,45.19,10253.6,14.48
2739,7574,81.8,16.3,78.5,101.66,199.35,24.19,42.37,9969.2,12.63
2740,7573,81.7,16.4,78.4,101.90,199.14,24.33,40.33,10113.6,13.92
2741,7573,81.6,16.5,78.3,101.40,198.20,25.02,43.53,9911.0,12.74
2742,7572,81.5,16.6,78.2,101.20,198.50,25.43,41.81,10062.1,13.09
2743,7571,81.4,16.7,78.1,101.71,199.15,24.84,40.64,10073.1,14.44
2744,7571,81.3,16.8,78.0,100.99,198.10,25.00,42.87,10106.3,12.95
2745,7570,81.3,16.9,78.0,101.84,199.21,25.10,41.77,9846.8,13.21
2746,7569,81.2,17.1,77.9,101.64,199.26,25.12,44.95,9932.8,13.41
2747,7569,81.1,17.2,77.8,101.80,198.62,25.19,40.79,9909.4,12.40
2748,7568,81.0,17.3,77.7,100.94,198.43,24.75,44.80,9828.5,13.64
2749,7567,80.9,17.4,77.6,101.44,198.93,26.08,42.10,9989.6,13.29
2750,7567,80.8,17.5,77.5,101.43,198.52,24.54,41.80,9920.3,14.08
2751,7566,80.8,17.6,77.4,101.43,199.16,24.92,42.36,9694.9,12.94
2752,7565,80.7,17.7,77.3,101.49,198.34,25.04,44.16,9914.5,13.73
2753,7565,80.6,17.8,77.2,100.71,197.98,25.57,41.69,9688.9,13.58
2754,7564,80.5,17.9,77.1,100.83,198.28,24.71,42.16,9691.6,14.02
2755,7563,80.4,18.0,77.1,102.47,200.10,24.74,43.70,9853.1,13.78
2756,7563,80.3,18.2,77.0,101.23,198.82,25.32,43.71,9760.8,13.57
2757,7562,80.3,18.3,76.9,101.23,198.09,24.99,41.32,9808.9,13.30
2758,7561,80.2,18.4,76.8,101.92,198.87,24.60,40.82,9773.6,13.54
2759,7561,80.1,18.5,76.7,101.13,198.33,26.44,43.41,9597.6,12.92
2760,7560,80.0,18.6,76.6,100.73,198.33,25.61,42.58,9662.5,14.02
2761,7559,79.9,18.7,76.5,101.17,198.42,24.00,40.22,9698.1,13.45
2762,7559,79.8,18.8,76.4,101.33,198.53,25.13,45.13,9651.4,14.21
2763,7558,79.8,18.9,76.3,100.98,198.44,25.82,45.07,9610.5,12.44
2764,7557,79.7,19.0,76.2,101.06,197.97,25.18,41.39,9607.6,13.22
2765,7557,79.6,19.1,76.2,101.59,198.96,24.38,43.42,9786.5,12.96
2766,7556,79.5,19.3,76.1,101.35,198.97,25.65,42.40,9528.6,13.12
2767,7555,79.4,19.4,76.0,101.18,198.41,24.48,42.12,9352.9,13.28
2768,7555,79.3,19.5,75.9,101.13,198.22,24.63,44.38,9426.6,12.31
2769,7554,79.3,19.6,75.8,101.33,198.48,25.27,44.74,9521.7,14.40
2770,7553,79.2,19.7,75.7,101.09,198.43,24.37,43.48,9402.1,14.66
2771,7553,79.1,19.8,75.6,100.94,197.99,25.09,42.70,9370.5,13.02
2772,7552,79.0,19.9,75.5,101.89,199.03,24.81,42.55,9456.6,14.12
2773,7551,78.9,20.0,75.4,101.59,198.68,25.19,42.96,9175.9,14.28
2774,7551,78.8,20.1,75.3,101.35,198.81,25.22,41.32,9484.0,13.92
2775,7550,78.8,20.2,75.3,101.77,198.80,25.08,41.24,9385.9,13.15
2776,7549,78.7,20.4,75.2,101.40,198.11,24.43,42.57,9418.8,13.16
2777,7549,78.6,20.5,75.1,100.79,197.92,24.79,41.80,9248.1,12.42
2778,7548,78.5,20.6,75.0,100.81,197.95,24.43,41.41,9296.0,13.04
2779,7547,78.4,20.7,74.9,100.70,197.82,24.45,40.32,9322.3,13.37
2780,7547,78.3,20.8,74.8,101.44,198.34,24.37,43.62,9209.5,12.07
2781,7546,78.3,20.9,74.7,101.83,199.09,25.84,45.39,9415.8,14.06
2782,7545,78.2,21.0,74.6,101.33,198.24,25.41,41.53,9173.6,12.23
2783,7545,78.1,21.1,74.5,101.33,198.56,25.63,42.91,9244.2,14.66
2784,7544,78.0,21.2,74.4,101.61,198.62,25.12,42.98,9237.3,12.69
2785,7543,77.9,21.3,74.4,100.90,198.78,24.46,42.28,9066.2,12.97
2786,7543,77.8,21.5,74.3,101.52,198.89,24.30,40.53,9257.4,13.95
2787,7542,77.8,21.6,74.2,101.56,198.40,24.87,43.98,9041.2,12.02
2788,7541,77.7,21.7,74.1,101.07,198.31,25.76,45.47,9246.2,12.80
2789,7541,77.6,21.8,74.0,100.61,197.95,25.81,41.51,9269.5,13.12
2790,7540,77.5,21.9,73.9,101.28,198.60,25.21,41.70,9204.4,13.01
2791,7539,77.4,22.0,73.8,101.48,198.41,25.05,41.92,9042.8,13.38
2792,7539,77.3,22.1,73.7,101.51,198.43,25.38,41.22,9082.1,14.16
2793,7538,77.3,22.2,73.6,101.67,198.94,25.95,42.28,9165.4,11.95
2794,7537,77.2,22.3,73.5,101.03,198.23,25.64,44.88,9038.1,12.82
2795,7537,77.1,22.4,73.5,101.57,199.04,24.62,43.80,8999.8,13.20
2796,7536,77.0,22.6,73.4,101.71,199.05,25.87,42.61,9115.0,13.56
2797,7535,76.9,22.7,73.3,101.24,198.16,25.34,43.77,9104.6,12.10
2798,7535,76.8,22.8,73.2,101.93,198.82,24.60,43.07,8982.0,13.69
2799,7534,76.8,22.9,73.1,100.73,197.68,25.21,42.52,8823.9,11.72
2800,7533,76.7,23.0,73.0,100.71,197.46,25.18,42.28,8879.5,13.27
2801,7533,76.6,23.1,72.9,101.36,198.60,25.60,41.73,9057.5,13.32
2802,7532,76.5,23.2,72.8,101.34,198.36,24.70,41.84,8883.3,13.39
2803,7531,76.4,23.3,72.7,100.99,198.21,26.25,44.01,8994.9,13.12
2804,7531,76.3,23.4,72.6,101.47,198.57,24.12,41.55,8808.8,12.66
2805,7530,76.3,23.5,72.6,101.11,198.74,25.41,44.09,8843.1,12.36
2806,7529,76.2,23.7,72.5,100.58,197.42,24.77,42.59,9021.1,13.08
2807,7529,76.1,23.8,72.4,101.34,198.13,24.86,39.32,8680.3,13.34
2808,7528,76.0,23.9,72.3,101.59,198.94,25.31,40.72,8856.9,14.26
2809,7527,75.9,24.0,72.2,101.28,198.25,24.99,42.83,8834.4,12.68
2810,7527,75.8,24.1,72.1,101.08,198.03,25.23,43.94,8947.6,12.67
2811,7526,75.8,24.2,72.0,101.44,198.04,24.44,42.47,8662.7,13.46
2812,7525,75.7,24.3,71.9,101.46,198.41,24.50,41.74,8795.9,13.02
2813,7525,75.6,24.4,71.8,101.71,198.86,25.22,44.11,8650.3,15.13
2814,7524,75.5,24.5,71.7,102.02,198.65,24.37,41.81,8635.0,13.63
2815,7523,75.4,24.6,71.7,101.43,199.16,25.21,41.06,8560.2,13.48
2816,7523,75.3,24.8,71.6,101.38,198.51,24.73,43.32,8636.4,12.66
2817,7522,75.3,24.9,71.5,101.66,198.80,24.66,41.36,8659.0,12.71
2818,7521,75.2,25.0,71.4,101.37,198.60,25.30,41.34,8555.5,12.58
2819,7521,75.1,25.1,71.3,101.32,198.22,24.22,41.77,8430.6,13.00
2820,7520,75.0,25.2,71.2,100.62,197.29,25.17,42.93,8624.9,13.94
2821,7519,74.9,25.3,71.1,101.47,198.46,25.10,42.54,8581.6,12.86
2822,7519,74.8,25.4,71.0,101.87,198.74,25.73,43.82,8516.3,13.16
2823,7518,74.8,25.5,70.9,101.22,197.97,25.09,44.76,8427.0,13.94
2824,7517,74.7,25.6,70.8,101.52,198.63,25.21,42.67,8530.8,13.51
2825,7517,74.6,25.7,70.8,101.02,198.53,24.07,40.56,8461.9,13.41
2826,7516,74.5,25.9,70.7,100.66,197.95,25.18,42.40,8462.7,13.40
2827,7515,74.4,26.0,70.6,101.25,198.07,25.94,41.24,8300.7,12.56
2828,7515,74.3,26.1,70.5,101.27,198.69,24.91,42.16,8592.9,12.77
2829,7514,74.3,26.2,70.4,100.62,197.64,24.73,39.97,8392.9,12.33
2830,7513,74.2,26.3,70.3,101.87,198.67,24.60,41.44,8360.9,13.49
2831,7513,74.1,26.4,70.2,101.30,198.18,25.50,43.03,8300.8,13.87
2832,7512,74.0,26.5,70.1,101.98,198.86,25.76,43.36,8309.8,13.02
2833,7511,73.9,26.6,70.0,100.75,198.31,25.38,41.96,8289.0,12.13
2834,7511,73.8,26.7,69.9,101.31,198.17,24.32,41.33,8164.8,14.32
2835,7510,73.8,26.8,69.9,101.66,198.62,24.21,39.99,8237.4,13.60
2836,7509,73.7,27.0,69.8,101.32,198.06,24.55,43.11,8300.3,13.39
2837,7509,73.6,27.1,69.7,101.43,198.43,25.63,42.73,8164.2,12.28
2838,7508,73.5,27.2,69.6,100.96,198.11,25.80,42.10,8238.1,13.74
2839,7507,73.4,27.3,69.5,101.21,197.82,25.74,43.70,8275.5,13.07
2840,7507,73.3,27.4,69.4,101.24,198.63,24.74,39.25,8073.2,12.62
2841,7506,73.3,27.5,69.3,101.17,198.49,25.47,42.65,8151.0,13.04
2842,7505,73.2,27.6,69.2,100.91,197.86,25.17,42.04,8176.6,12.83
2843,7505,73.1,27.7,69.1,100.80,197.31,25.31,43.12,8150.5,12.69
2844,7504,73.0,27.8,69.0,101.51,198.31,25.49,43.85,8115.4,13.11
2845,7503,72.9,27.9,69.0,101.68,199.26,24.92,41.71,8003.4,13.14
2846,7503,72.8,28.1,68.9,101.39,198.22,24.99,42.13,8094.2,14.25
2847,7502,72.8,28.2,68.8,100.77,197.89,24.97,42.51,7933.4,13.08
2848,7501,72.7,28.3,68.7,101.71,198.43,25.01,43.14,7994.9,13.22
2849,7501,72.6,28.4,68.6,101.08,198.11,25.75,45.27,8114.2,12.83
2850,7500,72.5,28.5,68.5,102.18,198.89,24.19,42.18,7975.0,13.76
2851,7499,72.4,28.6,68.4,101.74,198.58,25.62,41.20,8014.9,13.68
2852,7499,72.3,28.7,68.3,100.95,197.66,25.08,42.84,7923.4,13.42
2853,7498,72.3,28.8,68.2,100.91,197.23,25.30,40.36,7981.0,13.35
2854,7497,72.2,28.9,68.1,101.14,197.99,24.46,42.21,7919.7,13.78
2855,7497,72.1,29.0,68.1,101.73,198.60,25.39,43.42,7990.9,13.48
2856,7496,72.0,29.2,68.0,101.06,197.86,23.86,42.55,7947.8,13.85
2857,7495,71.9,29.3,67.9,101.26,197.93,24.34,43.88,7754.7,13.14
2858,7495,71.8,29.4,67.8,101.84,198.43,24.75,40.75,7883.6,12.03
2859,7494,71.8,29.5,67.7,101.02,197.86,24.56,43.09,7861.6,13.67
2860,7493,71.7,29.6,67.6,101.04,198.34,24.79,40.96,7758.9,12.89
2861,7493,71.6,29.7,67.5,101.19,197.98,26.48,45.08,7821.8,12.73
2862,7492,71.5,29.8,67.4,100.59,197.29,24.72,41.64,7733.0,12.40
2863,7491,71.4,29.9,67.3,101.75,198.44,24.07,40.23,7677.9,13.12
2864,7491,71.3,30.0,67.2,101.64,198.38,25.21,42.82,7714.0,12.59
2865,7490,71.3,30.1,67.2,101.31,197.93,25.60,43.53,7636.4,12.39
2866,7489,71.2,30.3,67.1,100.76,197.15,25.10,44.28,7729.6,13.20
2867,7489,71.1,30.4,67.0,101.22,198.36,24.94,43.17,7756.5,13.62
2868,7488,71.0,30.5,66.9,101.11,197.87,23.91,42.74,7724.2,12.42
2869,7487,70.9,30.6,66.8,101.32,198.14,25.49,44.12,7627.4,13.10
2870,7487,70.8,30.7,66.7,101.33,198.20,25.71,42.42,7646.9,12.99
2871,7486,70.8,30.8,66.6,101.20,197.63,25.15,42.07,7548.9,13.25
2872,7485,70.7,30.9,66.5,101.28,197.95,25.04,41.84,7608.3,13.38
2873,7485,70.6,31.0,66.4,101.59,198.42,25.25,44.38,7490.1,13.17
2874,7484,70.5,31.1,66.3,101.38,197.92,25.26,41.51,7661.6,12.12
2875,7483,70.4,31.2,66.3,101.71,198.66,25.13,42.88,7521.5,13.27
2876,7483,70.3,31.4,66.2,100.96,197.52,25.57,41.76,7412.3,12.88
2877,7482,70.3,31.5,66.1,100.91,197.92,25.19,42.06,7386.3,12.91
2878,7481,70.2,31.6,66.0,101.81,198.90,24.92,44.63,7321.6,12.85
2879,7481,70.1,31.7,65.9,101.66,198.50,25.34,44.07,7393.9,13.03
2880,7480,70.0,31.8,65.8,101.64,198.59,24.52,41.92,7398.0,12.36
2881,7479,69.9,31.9,65.7,101.72,197.94,25.46,42.14,7248.8,12.92
2882,7479,69.8,32.0,65.6,100.84,197.85,25.19,42.38,7380.7,12.29
2883,7478,69.8,32.1,65.5,101.08,197.97,24.80,44.19,7475.5,12.86
2884,7477,69.7,32.2,65.4,100.90,197.71,25.75,42.93,7320.5,12.58
2885,7477,69.6,32.3,65.4,101.37,198.35,25.72,43.22,7387.5,12.41
2886,7476,69.5,32.5,65.3,101.47,198.27,25.69,44.94,7354.0,13.25
2887,7475,69.4,32.6,65.2,101.47,198.30,24.77,42.52,7235.6,13.14
2888,7475,69.3,32.7,65.1,100.95,197.23,24.97,43.05,7148.2,12.37
2889,7474,69.3,32.8,65.0,100.65,196.74,24.43,41.53,7242.6,14.34
2890,7473,69.2,32.9,64.9,100.82,197.13,25.26,42.36,7301.9,12.90
2891,7473,69.1,33.0,64.8,101.37,197.90,24.39,40.71,7269.4,12.83
2892,7472,69.0,33.1,64.7,101.14,197.96,25.86,45.58,7191.1,14.31
2893,7471,68.9,33.2,64.6,101.55,198.15,24.89,42.59,7174.4,12.44
2894,7471,68.8,33.3,64.5,101.28,198.10,25.36,40.75,7195.2,12.87
2895,7470,68.8,33.4,64.5,101.69,197.80,24.50,41.67,7229.0,12.18
2896,7469,68.7,33.6,64.4,100.99,197.84,24.84,39.59,7107.7,12.41
2897,7469,68.6,33.7,64.3,101.09,197.97,24.09,40.16,7057.6,12.98
2898,7468,68.5,33.8,64.2,101.42,197.37,24.20,39.40,7133.5,12.56
2899,7467,68.4,33.9,64.1,100.99,197.82,25.31,41.76,7035.0,13.57
2900,7467,68.3,34.0,64.0,100.28,196.84,25.32,43.02,7084.7,12.79
2901,7466,68.3,34.1,63.9,101.09,197.90,23.93,40.74,6967.6,11.60
2902,7465,68.2,34.2,63.8,102.12,198.43,24.93,42.79,7119.5,12.27
2903,7465,68.1,34.3,63.7,101.01,197.42,25.61,42.41,7083.1,11.90
2904,7464,68.0,34.4,63.6,101.63,198.71,25.04,43.73,6979.0,13.14
2905,7463,67.9,34.5,63.6,100.87,197.76,25.39,42.69,7072.6,11.77
2906,7463,67.8,34.7,63.5,100.99,198.54,25.69,42.57,6920.8,12.42
2907,7462,67.8,34.8,63.4,102.06,198.16,25.17,41.62,6983.2,12.60
2908,7461,67.7,34.9,63.3,101.27,197.69,24.68,41.71,6861.6,12.86
2909,7461,67.6,35.0,63.2,101.89,198.29,25.61,43.15,6860.0,12.68
2910,7460,67.5,35.1,63.1,101.99,198.29,25.24,42.29,6919.4,13.22
2911,7459,67.4,35.2,63.0,101.13,197.59,25.37,42.34,6910.2,13.11
2912,7459,67.3,35.3,62.9,101.62,198.06,25.42,42.02,6769.7,13.68
2913,7458,67.3,35.4,62.8,101.25,198.31,24.56,40.46,6843.7,13.46
2914,7457,67.2,35.5,62.7,101.15,197.49,24.45,40.05,6814.7,13.51
2915,7457,67.1,35.6,62.7,101.54,197.42,25.15,41.75,6808.6,12.16
2916,7456,67.0,35.8,62.6,100.94,197.26,24.86,42.91,6771.7,12.49
2917,7455,66.9,35.9,62.5,101.79,198.01,25.81,43.76,6628.9,12.44
2918,7455,66.8,36.0,62.4,101.66,197.47,26.06,44.48,6800.8,12.19
2919,7454,66.8,36.1,62.3,101.23,197.60,25.28,42.75,6677.6,13.00
2920,7453,66.7,36.2,62.2,101.54,198.16,24.69,43.65,6681.1,13.05
2921,7453,66.6,36.3,62.1,101.63,198.10,25.75,42.74,6779.0,13.72
2922,7452,66.5,36.4,62.0,101.34,197.39,24.85,41.84,6650.2,14.07
2923,7451,66.4,36.5,61.9,101.38,197.98,24.67,41.24,6732.7,13.34
2924,7451,66.3,36.6,61.8,101.59,198.42,24.74,41.64,6491.1,12.58
2925,7450,66.3,36.7,61.8,101.38,197.50,24.75,39.03,6713.7,11.99
2926,7449,66.2,36.9,61.7,101.15,197.36,25.03,43.11,6496.7,12.09
2927,7449,66.1,37.0,61.6,100.72,197.26,25.22,43.93,6563.4,12.72
2928,7448,66.0,37.1,61.5,101.00,197.63,24.63,39.59,6448.0,13.25
2929,7447,65.9,37.2,61.4,101.34,197.92,24.47,42.45,6516.6,13.40
2930,7447,65.8,37.3,61.3,101.41,197.81,25.15,42.44,6593.6,13.05
2931,7446,65.8,37.4,61.2,101.35,197.55,24.71,42.02,6442.7,13.09
2932,7445,65.7,37.5,61.1,101.68,198.22,25.13,42.93,6349.2,11.82
2933,7445,65.6,37.6,61.0,101.58,197.89,25.73,42.65,6426.9,12.47
2934,7444,65.5,37.7,60.9,101.97,198.61,24.52,39.86,6479.3,11.86
2935,7443,65.4,37.8,60.9,101.24,198.15,25.10,41.10,6517.0,12.26
2936,7443,65.3,38.0,60.8,101.49,197.94,25.34,42.52,6368.7,12.59
2937,7442,65.3,38.1,60.7,102.16,198.26,24.29,41.54,6331.9,12.72
2938,7441,65.2,38.2,60.6,101.67,197.95,25.99,43.18,6326.1,11.83
2939,7441,65.1,38.3,60.5,100.99,196.88,25.20,41.95,6332.2,13.29
2940,7440,65.0,38.4,60.4,100.77,197.43,23.84,38.61,6420.6,12.91
2941,7439,64.9,38.5,60.3,101.54,197.68,25.71,41.76,6327.9,11.63
2942,7439,64.8,38.6,60.2,101.83,198.26,24.61,41.75,6227.9,12.41
2943,7438,64.8,38.7,60.1,101.53,197.92,24.57,41.99,6156.6,13.60
2944,7437,64.7,38.8,60.0,101.38,197.19,24.96,42.46,6221.6,12.46
2945,7437,64.6,38.9,60.0,101.00,197.43,25.82,43.88,6202.3,12.46
2946,7436,64.5,39.1,59.9,101.51,197.44,24.88,42.53,6113.6,12.55
2947,7435,64.4,39.2,59.8,101.64,197.93,24.19,40.61,6169.7,13.49
2948,7435,64.3,39.3,59.7,101.01,197.46,24.96,41.83,6131.0,11.44
2949,7434,64.3,39.4,59.6,101.07,197.53,26.16,43.77,6222.5,13.48
2950,7433,64.2,39.5,59.5,101.07,197.15,24.73,43.41,6181.7,12.43
2951,7433,64.1,39.6,59.4,101.29,197.47,25.25,43.26,6147.4,12.34
2952,7432,64.0,39.7,59.3,101.86,198.07,24.87,41.74,6088.8,12.63
2953,7431,63.9,39.8,59.2,100.96,197.80,24.25,40.69,6160.0,11.34
2954,7431,63.8,39.9,59.1,100.89,197.26,24.69,41.02,6049.3,11.99
2955,7430,63.8,40.0,59.1,101.35,197.68,24.43,41.81,6100.9,13.36
2956,7429,63.7,40.2,59.0,101.33,197.31,24.57,40.40,6070.4,14.14
2957,7429,63.6,40.3,58.9,100.95,196.36,24.45,41.45,6009.9,12.11
2958,7428,63.5,40.4,58.8,101.81,197.34,25.71,42.35,5952.9,13.39
2959,7427,63.4,40.5,58.7,101.23,197.48,25.72,44.14,6023.7,12.45
2960,7427,63.3,40.6,58.6,101.87,197.85,25.16,40.79,5999.8,12.76
2961,7426,63.3,40.7,58.5,101.49,197.63,25.87,44.14,5886.0,12.74
2962,7425,63.2,40.8,58.4,100.39,197.13,24.49,41.28,5903.9,13.23
2963,7425,63.1,40.9,58.3,101.30,197.36,24.44,42.46,5949.1,12.21
2964,7424,63.0,41.0,58.2,101.08,196.88,24.47,42.68,5826.4,11.49
2965,7423,62.9,41.1,58.2,101.43,197.40,25.20,41.41,5956.1,12.09
2966,7423,62.8,41.3,58.1,102.07,198.25,25.50,43.04,5937.0,12.05
2967,7422,62.8,41.4,58.0,101.19,197.25,24.91,38.94,5814.5,11.85
2968,7421,62.7,41.5,57.9,101.72,197.68,25.55,43.92,5803.1,12.42
2969,7421,62.6,41.6,57.8,101.21,197.03,25.21,44.27,5759.6,11.81
2970,7420,62.5,41.7,57.7,101.46,197.73,25.16,43.04,5813.5,12.25
2971,7419,62.4,41.8,57.6,100.94,197.79,25.42,41.38,5734.8,13.32
2972,7419,62.3,41.9,57.5,100.82,196.67,24.74,43.06,5729.6,13.14
2973,7418,62.3,42.0,57.4,100.99,197.08,24.81,42.91,5663.9,13.70
2974,7417,62.2,42.1,57.3,101.29,197.01,24.99,42.73,5674.2,13.24
2975,7417,62.1,42.2,57.3,100.57,196.96,24.29,40.50,5793.1,12.63
2976,7416,62.0,42.4,57.2,101.50,197.28,24.66,42.19,5607.0,13.48
2977,7415,61.9,42.5,57.1,101.26,197.58,24.67,40.37,5656.4,12.26
2978,7415,61.8,42.6,57.0,101.64,197.66,24.40,42.46,5669.6,11.18
2979,7414,61.8,42.7,56.9,101.89,197.80,24.16,41.00,5617.2,11.40
2980,7413,61.7,42.8,56.8,101.26,197.41,25.05,42.41,5570.0,13.18
2981,7413,61.6,42.9,56.7,101.72,197.97,25.43,43.60,5610.7,13.08
2982,7412,61.5,43.0,56.6,101.69,197.38,25.25,44.10,5527.1,12.68
2983,7411,61.4,43.1,56.5,100.78,196.74,25.16,41.94,5578.2,12.56
2984,7411,61.3,43.2,56.4,101.23,197.43,24.61,44.47,5605.2,13.04
2985,7410,61.3,43.3,56.4,100.62,196.27,25.52,44.30,5549.8,12.35
2986,7409,61.2,43.5,56.3,101.79,197.98,24.04,41.87,5457.7,13.03
2987,7409,61.1,43.6,56.2,101.08,196.84,24.39,40.81,5371.2,13.37
2988,7408,61.0,43.7,56.1,100.90,196.64,25.39,40.10,5389.6,11.43
2989,7407,60.9,43.8,56.0,101.27,197.40,24.88,43.02,5503.2,12.26
2990,7407,60.8,43.9,55.9,101.54,197.48,24.54,41.48,5407.5,12.91
2991,7406,60.8,44.0,55.8,101.60,197.94,25.41,44.15,5500.6,13.31
2992,7405,60.7,44.1,55.7,101.45,197.57,25.21,43.57,5393.5,12.46
2993,7405,60.6,44.2,55.6,101.35,197.48,24.48,41.04,5293.9,12.15
2994,7404,60.5,44.3,55.5,100.71,196.84,25.06,42.04,5211.8,12.98
2995,7403,60.4,44.4,55.5,100.93,196.33,25.52,41.82,5437.0,12.32
2996,7403,60.3,44.6,55.4,101.52,197.25,25.07,41.82,5278.9,12.15
2997,7402,60.3,44.7,55.3,101.41,197.11,24.87,45.90,5410.4,12.14
2998,7401,60.2,44.8,55.2,101.57,197.40,25.26,40.30,5285.9,12.85
2999,7401,60.1,44.9,55.1,101.52,196.88,24.91,43.31,5358.5,12.92
3000,7400,60.0,45.0,55.0,101.22,196.45,25.02,41.45,5386.0,13.78
3001,7398,59.9,45.1,54.9,101.09,196.63,25.18,42.89,5336.1,10.98
3002,7396,59.8,45.2,54.8,101.48,197.72,25.04,43.10,5281.9,12.46
3003,7394,59.7,45.2,54.8,101.86,197.64,24.75,40.84,5237.2,11.13
3004,7392,59.6,45.3,54.7,102.09,197.67,25.36,43.62,5130.6,11.69
3005,7389,59.5,45.4,54.6,100.96,197.05,25.38,42.91,5179.7,12.31
3006,7387,59.5,45.5,54.5,101.53,196.91,25.08,43.83,5054.2,12.57
3007,7385,59.4,45.6,54.4,101.35,196.81,24.85,44.69,5114.2,12.47
3008,7383,59.3,45.7,54.3,100.87,196.14,25.85,42.30,5025.8,12.81
3009,7381,59.2,45.7,54.3,101.36,196.64,24.71,42.07,5170.0,12.96
3010,7379,59.1,45.8,54.2,101.08,196.94,25.86,43.79,4962.2,12.16
3011,7377,59.0,45.9,54.1,101.25,197.09,24.16,41.78,5122.1,13.46
3012,7375,58.9,46.0,54.0,100.92,195.72,24.83,42.80,5090.9,13.20
3013,7372,58.8,46.1,53.9,100.66,195.42,25.14,42.09,5066.0,11.89
3014,7370,58.7,46.2,53.8,100.42,195.34,25.43,44.03,4966.1,11.97
3015,7368,58.6,46.2,53.8,101.40,196.34,25.38,43.83,4918.1,12.60
3016,7366,58.5,46.3,53.7,101.15,195.85,25.02,41.14,5021.0,12.31
3017,7364,58.5,46.4,53.6,101.24,195.44,24.30,41.54,4969.0,11.34
3018,7362,58.4,46.5,53.5,101.53,196.49,25.15,42.59,4942.7,13.02
3019,7360,58.3,46.6,53.4,101.41,196.23,24.53,38.38,4877.5,11.27
3020,7358,58.2,46.7,53.3,101.29,195.98,26.18,41.60,4931.1,13.34
3021,7355,58.1,46.7,53.3,101.60,196.07,24.69,39.73,4842.6,13.02
3022,7353,58.0,46.8,53.2,100.98,195.99,24.72,41.14,4903.0,11.77
3023,7351,57.9,46.9,53.1,101.22,195.22,25.18,42.57,4926.5,12.84
3024,7349,57.8,47.0,53.0,101.93,196.35,25.00,43.56,4823.6,12.30
3025,7347,57.7,47.1,52.9,101.44,195.85,25.24,42.74,4730.3,11.84
3026,7345,57.6,47.2,52.8,101.24,196.36,24.07,43.11,4735.2,13.05
3027,7343,57.5,47.2,52.8,101.80,196.25,25.46,45.55,4808.9,12.03
3028,7341,57.5,47.3,52.7,101.36,195.73,24.40,41.37,4737.7,11.41
3029,7338,57.4,47.4,52.6,101.15,195.71,25.30,42.38,4672.7,12.72
3030,7336,57.3,47.5,52.5,100.96,195.51,24.60,42.91,4683.0,12.46
3031,7334,57.2,47.6,52.4,101.11,195.04,24.23,39.37,4726.3,11.49
3032,7332,57.1,47.7,52.3,101.55,196.46,24.64,41.00,4697.7,12.20
3033,7330,57.0,47.7,52.3,101.70,195.70,25.08,41.35,4670.7,11.93
3034,7328,56.9,47.8,52.2,100.57,194.99,24.88,42.23,4608.5,12.26
3035,7326,56.8,47.9,52.1,101.00,194.75,25.26,41.89,4630.8,12.08
3036,7324,56.7,48.0,52.0,102.19,195.86,25.04,41.13,4628.1,12.42
3037,7322,56.6,48.1,51.9,101.33,194.83,24.56,42.22,4593.9,11.18
3038,7319,56.5,48.2,51.8,101.53,195.70,25.37,40.57,4462.0,11.33
3039,7317,56.5,48.2,51.8,101.68,195.62,24.80,42.50,4535.0,11.22
3040,7315,56.4,48.3,51.7,101.13,194.91,25.07,42.50,4459.7,11.50
3041,7313,56.3,48.4,51.6,101.61,195.44,24.05,40.42,4479.5,11.97
3042,7311,56.2,48.5,51.5,101.37,194.98,25.13,41.57,4417.8,12.55
3043,7309,56.1,48.6,51.4,101.07,194.93,24.46,39.20,4414.8,11.86
3044,7307,56.0,48.7,51.3,101.64,195.00,23.50,39.52,4456.3,12.01
3045,7305,55.9,48.7,51.3,101.32,194.75,24.70,42.90,4446.4,12.50
3046,7302,55.8,48.8,51.2,101.23,194.91,25.01,41.80,4388.2,12.12
3047,7300,55.7,48.9,51.1,102.10,195.29,24.29,41.14,4407.0,10.88
3048,7298,55.6,49.0,51.0,100.61,193.98,25.69,42.08,4465.6,11.75
3049,7296,55.5,49.1,50.9,101.30,194.17,25.39,43.07,4387.5,12.33
3050,7294,55.5,49.2,50.8,101.53,195.25,24.88,40.43,4356.6,12.12
3051,7292,55.4,49.2,50.8,101.44,194.97,25.38,42.55,4290.8,11.39
3052,7290,55.3,49.3,50.7,101.36,194.46,24.87,38.85,4279.5,12.62
3053,7288,55.2,49.4,50.6,101.82,194.55,25.84,43.90,4315.9,10.88
3054,7285,55.1,49.5,50.5,100.84,194.22,25.40,42.02,4253.7,11.83
3055,7283,55.0,49.6,50.4,101.63,195.12,25.48,43.21,4284.3,13.06
3056,7281,54.9,49.7,50.3,101.23,194.31,24.89,40.96,4236.1,11.97
3057,7279,54.8,49.7,50.3,101.91,194.72,24.68,41.23,4270.4,10.93
3058,7277,54.7,49.8,50.2,101.87,194.83,24.85,42.25,4252.1,11.91
3059,7275,54.6,49.9,50.1,101.36,194.73,25.58,41.70,4219.8,12.20
3060,7273,54.5,50.0,50.0,101.39,194.08,25.15,39.85,4182.6,12.47
3061,7271,54.5,50.1,49.9,100.88,193.62,25.37,40.27,4114.2,12.94
3062,7268,54.4,50.2,49.8,101.52,194.63,25.79,40.90,4128.9,10.57
3063,7266,54.3,50.2,49.8,100.92,193.08,25.26,44.06,4149.5,11.00
3064,7264,54.2,50.3,49.7,100.73,193.38,25.96,40.57,4059.0,12.67
3065,7262,54.1,50.4,49.6,101.33,193.75,24.64,41.56,4042.8,10.34
3066,7260,54.0,50.5,49.5,102.13,195.21,25.27,43.58,4032.9,11.90
3067,7258,53.9,50.6,49.4,101.38,194.31,25.51,43.03,4036.2,10.20
3068,7256,53.8,50.7,49.3,101.15,193.77,24.94,39.65,4041.8,12.41
3069,7254,53.7,50.7,49.3,101.12,193.05,25.09,41.64,3993.1,12.43
3070,7252,53.6,50.8,49.2,100.86,193.52,24.38,41.80,4027.4,11.21
3071,7249,53.5,50.9,49.1,102.16,194.50,24.78,41.26,3945.7,11.48
3072,7247,53.5,51.0,49.0,101.37,193.23,24.47,41.35,3977.6,11.17
3073,7245,53.4,51.1,48.9,101.11,193.33,25.51,41.88,3891.5,12.25
3074,7243,53.3,51.2,48.8,100.97,193.08,24.83,40.79,3812.1,10.89
3075,7241,53.2,51.2,48.8,101.40,193.37,24.63,41.94,3890.3,12.28
3076,7239,53.1,51.3,48.7,101.12,193.32,25.45,40.88,3903.4,12.13
3077,7237,53.0,51.4,48.6,101.46,193.88,24.12,39.29,3896.2,11.96
3078,7235,52.9,51.5,48.5,100.82,192.53,24.95,41.39,3860.6,11.20
3079,7232,52.8,51.6,48.4,101.82,194.20,25.39,42.07,3842.2,10.65
3080,7230,52.7,51.7,48.3,100.85,192.94,25.18,41.71,3834.9,10.88
3081,7228,52.6,51.7,48.3,100.79,192.66,24.36,40.36,3851.1,11.32
3082,7226,52.5,51.8,48.2,101.29,193.35,24.52,39.99,3788.5,11.43
3083,7224,52.5,51.9,48.1,100.58,192.29,25.31,39.62,3790.1,12.13
3084,7222,52.4,52.0,48.0,101.19,193.20,25.43,41.55,3775.0,10.97
3085,7220,52.3,52.1,47.9,101.37,192.87,24.37,42.27,3722.2,11.14
3086,7218,52.2,52.2,47.8,101.01,193.09,25.36,43.33,3640.0,12.01
3087,7215,52.1,52.2,47.8,101.19,192.89,25.75,39.20,3711.3,11.75
3088,7213,52.0,52.3,47.7,100.91,192.48,24.83,42.88,3703.1,12.63
3089,7211,51.9,52.4,47.6,101.51,193.29,24.99,42.90,3658.3,11.56
3090,7209,51.8,52.5,47.5,101.67,192.79,25.27,43.38,3653.1,12.21
3091,7207,51.7,52.6,47.4,101.05,192.07,25.06,43.11,3636.5,10.41
3092,7205,51.6,52.7,47.3,101.29,192.45,24.17,43.43,3628.6,11.55
3093,7203,51.5,52.7,47.3,101.98,193.10,25.13,41.37,3643.7,11.72
3094,7201,51.5,52.8,47.2,101.17,191.87,24.45,41.78,3538.7,12.05
3095,7198,51.4,52.9,47.1,101.25,192.36,25.46,41.64,3600.7,11.29
3096,7196,51.3,53.0,47.0,101.33,192.23,24.42,41.39,3450.3,12.51
3097,7194,51.2,53.1,46.9,100.83,192.04,24.43,40.79,3515.9,11.45
3098,7192,51.1,53.2,46.8,101.63,192.86,24.38,41.65,3509.5,11.75
3099,7190,51.0,53.2,46.8,101.30,191.94,25.20,41.17,3566.4,11.61
3100,7188,50.9,53.3,46.7,100.96,192.61,25.46,43.01,3482.5,12.10
3101,7186,50.8,53.4,46.6,100.79,191.01,23.93,39.29,3424.4,11.67
3102,7184,50.7,53.5,46.5,101.26,192.15,25.55,43.51,3488.4,12.40
3103,7182,50.6,53.6,46.4,100.97,191.52,24.57,41.05,3430.6,11.07
3104,7179,50.5,53.7,46.3,101.53,192.17,24.65,40.30,3451.3,11.58
3105,7177,50.5,53.7,46.3,101.07,191.45,25.58,42.16,3391.3,10.80
3106,7175,50.4,53.8,46.2,100.71,191.20,24.69,42.44,3352.6,10.95
3107,7173,50.3,53.9,46.1,101.91,192.79,25.04,42.19,3355.9,12.49
3108,7171,50.2,54.0,46.0,101.62,192.09,24.95,40.41,3390.8,11.92
3109,7169,50.1,54.1,45.9,101.41,191.81,24.97,40.05,3252.4,10.55
3110,7167,50.0,54.2,45.8,101.44,191.80,24.88,39.83,3281.1,12.09
3111,7165,49.9,54.2,45.8,101.00,191.11,25.47,43.46,3277.0,10.59
3112,7162,49.8,54.3,45.7,101.31,191.90,24.68,42.56,3262.8,10.97
3113,7160,49.7,54.4,45.6,101.01,191.14,24.81,40.05,3225.3,11.18
3114,7158,49.6,54.5,45.5,100.38,191.06,24.78,42.03,3242.1,11.48
3115,7156,49.5,54.6,45.4,101.23,191.48,25.09,41.02,3232.6,11.19
3116,7154,49.5,54.7,45.3,100.98,191.17,24.16,40.75,3179.6,10.91
3117,7152,49.4,54.7,45.3,101.57,191.89,24.19,40.04,3170.5,11.23
3118,7150,49.3,54.8,45.2,101.41,191.10,24.74,41.74,3130.6,11.52
3119,7148,49.2,54.9,45.1,101.40,191.61,25.27,41.00,3184.3,10.89
3120,7145,49.1,55.0,45.0,101.02,190.90,25.25,42.03,3163.6,12.14
3121,7143,49.0,55.1,44.9,101.19,190.85,24.31,38.37,3115.4,11.85
3122,7141,48.9,55.2,44.8,101.74,191.64,24.70,40.70,3096.9,11.40
3123,7139,48.8,55.2,44.8,101.43,190.87,24.93,41.12,3057.2,11.49
3124,7137,48.7,55.3,44.7,101.24,191.06,25.23,42.56,3095.5,11.00
3125,7135,48.6,55.4,44.6,100.81,189.91,24.92,39.70,3018.9,11.42
3126,7133,48.5,55.5,44.5,101.71,191.57,25.41,42.33,3040.2,10.67
3127,7131,48.5,55.6,44.4,101.62,190.94,24.95,39.78,3032.7,10.89
3128,7128,48.4,55.7,44.3,101.49,190.64,25.40,41.92,3033.0,11.29
3129,7126,48.3,55.7,44.3,100.85,190.12,25.54,40.56,3021.3,9.68
3130,7124,48.2,55.8,44.2,101.00,190.77,24.21,39.34,2957.5,11.01
3131,7122,48.1,55.9,44.1,100.80,190.10,24.35,40.64,2950.3,10.68
3132,7120,48.0,56.0,44.0,101.87,191.00,25.40,43.09,2930.6,10.50
3133,7118,47.9,56.1,43.9,100.44,189.63,25.20,42.15,2989.6,10.85
3134,7116,47.8,56.2,43.8,101.36,190.33,25.01,38.49,2864.5,10.61
3135,7114,47.7,56.2,43.8,100.93,189.94,24.05,39.18,2834.8,11.63
3136,7112,47.6,56.3,43.7,101.00,190.54,24.65,41.88,2856.8,11.99
3137,7109,47.5,56.4,43.6,101.37,190.37,25.33,42.38,2833.1,10.21
3138,7107,47.5,56.5,43.5,100.64,189.26,25.54,39.68,2818.4,11.25
3139,7105,47.4,56.6,43.4,100.75,189.62,25.46,40.75,2826.2,11.11
3140,7103,47.3,56.7,43.3,101.05,190.33,24.60,43.58,2784.5,11.99
3141,7101,47.2,56.7,43.3,101.48,189.84,25.16,42.51,2767.2,11.52
3142,7099,47.1,56.8,43.2,100.92,189.98,25.70,42.65,2760.6,10.73
3143,7097,47.0,56.9,43.1,100.63,189.40,25.14,40.64,2769.1,11.38
3144,7095,46.9,57.0,43.0,101.76,190.46,24.61,40.35,2724.7,11.65
3145,7092,46.8,57.1,42.9,101.37,190.01,25.20,39.48,2687.5,11.73
3146,7090,46.7,57.2,42.8,100.61,188.98,25.27,40.10,2698.3,10.44
3147,7088,46.6,57.2,42.8,101.78,190.84,25.59,40.81,2741.1,11.13
3148,7086,46.5,57.3,42.7,101.94,190.77,24.77,42.02,2633.3,10.94
3149,7084,46.5,57.4,42.6,100.65,189.24,25.09,39.24,2699.6,11.22
3150,7082,46.4,57.5,42.5,101.96,190.45,25.27,41.80,2644.1,10.83
3151,7080,46.3,57.6,42.4,101.78,190.07,25.87,39.01,2665.5,10.59
3152,7078,46.2,57.7,42.3,101.22,189.69,24.98,40.53,2625.6,11.58
3153,7075,46.1,57.7,42.3,101.63,189.44,25.49,39.88,2604.1,11.39
3154,7073,46.0,57.8,42.2,101.54,189.61,24.93,40.01,2592.0,11.36
3155,7071,45.9,57.9,42.1,101.07,188.76,24.51,40.41,2598.8,9.77
3156,7069,45.8,58.0,42.0,101.84,190.19,24.32,40.09,2542.7,10.47
3157,7067,45.7,58.1,41.9,101.33,189.83,24.80,39.04,2515.0,9.26
3158,7065,45.6,58.2,41.8,102.06,190.01,24.57,40.90,2510.5,11.46
3159,7063,45.5,58.2,41.8,101.31,189.73,25.59,39.73,2531.0,10.86
3160,7061,45.5,58.3,41.7,101.44,189.64,25.17,40.61,2510.3,10.65
3161,7058,45.4,58.4,41.6,101.25,189.06,25.40,42.28,2498.8,10.84
3162,7056,45.3,58.5,41.5,100.54,188.54,24.50,39.96,2430.7,10.84
3163,7054,45.2,58.6,41.4,102.19,189.99,24.83,42.03,2451.7,10.44
3164,7052,45.1,58.7,41.3,101.87,189.80,24.89,40.85,2478.8,12.55
3165,7050,45.0,58.7,41.3,100.35,188.21,24.78,39.95,2397.2,9.67
3166,7048,44.9,58.8,41.2,101.66,189.15,24.87,43.89,2389.8,10.90
3167,7046,44.8,58.9,41.1,101.06,188.31,25.92,44.21,2376.2,11.06
3168,7044,44.7,59.0,41.0,100.93,188.62,25.55,40.72,2379.8,11.40
3169,7042,44.6,59.1,40.9,101.10,188.30,24.35,39.82,2321.2,9.81
3170,7039,44.5,59.2,40.8,101.77,189.03,24.87,40.44,2328.8,10.23
3171,7037,44.5,59.2,40.8,101.33,188.05,25.45,39.88,2310.7,10.67
3172,7035,44.4,59.3,40.7,101.52,189.17,25.03,39.79,2280.3,10.18
3173,7033,44.3,59.4,40.6,101.26,188.81,25.24,40.81,2239.8,10.36
3174,7031,44.2,59.5,40.5,101.35,188.22,25.21,40.51,2267.0,10.00
3175,7029,44.1,59.6,40.4,101.36,188.51,25.89,41.15,2233.7,12.33
3176,7027,44.0,59.7,40.3,101.46,188.11,25.49,39.29,2196.8,10.80
3177,7025,43.9,59.7,40.3,101.63,188.78,25.15,42.20,2217.6,10.40
3178,7022,43.8,59.8,40.2,100.80,187.85,24.22,40.59,2199.4,11.03
3179,7020,43.7,59.9,40.1,101.34,188.63,25.04,39.39,2179.0,10.73
3180,7018,43.6,60.0,40.0,101.19,187.73,24.82,40.06,2167.8,10.97
3181,7016,43.5,60.1,39.9,101.67,188.02,25.32,40.81,2164.8,10.80
3182,7014,43.5,60.2,39.8,101.28,188.30,25.38,41.24,2130.2,10.36
3183,7012,43.4,60.2,39.8,101.88,188.21,24.39,38.77,2144.1,10.15
3184,7010,43.3,60.3,39.7,101.97,188.74,25.16,40.94,2080.0,10.21
3185,7008,43.2,60.4,39.6,101.47,187.96,24.73,40.05,2121.0,9.82
3186,7005,43.1,60.5,39.5,101.61,187.89,25.53,41.63,2072.8,10.32
3187,7003,43.0,60.6,39.4,101.15,187.62,25.00,39.09,2069.6,9.74
3188,7001,42.9,60.7,39.3,101.26,187.46,24.95,37.10,2028.3,11.03
3189,6999,42.8,60.7,39.3,101.37,188.04,25.52,41.75,2043.8,10.39
3190,6997,42.7,60.8,39.2,101.22,187.89,25.56,40.01,2038.1,10.63
3191,6995,42.6,60.9,39.1,101.89,188.63,25.31,41.11,2016.5,10.00
3192,6993,42.5,61.0,39.0,101.19,187.34,24.72,40.37,2005.0,9.72
3193,6991,42.5,61.1,38.9,101.75,188.65,25.08,40.87,1952.4,9.59
3194,6988,42.4,61.2,38.8,101.37,188.25,24.77,40.62,1950.7,10.08
3195,6986,42.3,61.2,38.8,101.81,187.90,25.56,41.16,1938.1,10.31
3196,6984,42.2,61.3,38.7,101.55,187.81,24.55,41.91,1924.8,10.56
3197,6982,42.1,61.4,38.6,100.76,186.95,25.71,42.27,1915.0,11.05
3198,6980,42.0,61.5,38.5,101.40,187.57,24.53,39.72,1901.1,11.09
3199,6978,41.9,61.6,38.4,101.74,187.44,24.68,40.18,1885.5,11.49
3200,6976,41.8,61.7,38.3,100.93,187.50,25.12,38.63,1798.9,10.96
3201,6974,41.7,61.7,38.3,101.49,187.49,25.46,38.02,1850.0,10.30
3202,6972,41.6,61.8,38.2,101.29,187.35,26.31,42.86,1806.9,10.82
3203,6969,41.5,61.9,38.1,101.11,187.41,25.26,40.26,1840.1,10.88
3204,6967,41.5,62.0,38.0,101.66,187.43,25.15,42.14,1794.3,10.35
3205,6965,41.4,62.1,37.9,101.20,186.19,24.92,38.77,1820.5,9.95
3206,6963,41.3,62.2,37.8,101.43,186.75,25.29,42.21,1784.9,10.41
3207,6961,41.2,62.2,37.8,101.06,186.44,25.94,42.86,1760.3,10.07
3208,6959,41.1,62.3,37.7,100.58,186.24,24.98,40.12,1742.2,10.61
3209,6957,41.0,62.4,37.6,102.01,187.32,24.61,41.15,1732.0,10.41
3210,6955,40.9,62.5,37.5,101.71,187.39,25.96,43.25,1705.0,8.95
3211,6952,40.8,62.6,37.4,101.91,187.59,24.51,39.57,1685.0,10.29
3212,6950,40.7,62.7,37.3,100.91,186.02,24.51,40.58,1699.0,9.14
3213,6948,40.6,62.7,37.3,101.89,187.13,25.39,41.70,1668.7,11.55
3214,6946,40.5,62.8,37.2,100.98,186.22,24.89,40.31,1636.2,10.23
3215,6944,40.5,62.9,37.1,100.70,185.20,25.24,40.49,1641.8,10.71
3216,6942,40.4,63.0,37.0,101.42,186.43,24.86,40.33,1639.2,9.40
3217,6940,40.3,63.1,36.9,101.38,185.78,25.14,37.61,1630.2,10.44
3218,6938,40.2,63.2,36.8,101.27,186.16,25.14,41.46,1614.1,10.28
3219,6935,40.1,63.2,36.8,100.98,185.96,25.13,40.32,1588.9,10.41
3220,6933,40.0,63.3,36.7,101.70,186.57,24.95,41.00,1562.5,10.15
3221,6931,39.9,63.4,36.6,101.52,186.48,24.98,38.86,1546.5,10.47
3222,6929,39.8,63.5,36.5,102.16,187.06,25.34,40.62,1540.3,10.19
3223,6927,39.7,63.6,36.4,101.78,186.61,25.00,41.26,1505.2,10.00
3224,6925,39.6,63.7,36.3,101.31,186.20,25.60,40.90,1494.1,9.19
3225,6923,39.5,63.7,36.3,101.50,186.19,25.66,42.36,1496.1,11.59
3226,6921,39.5,63.8,36.2,101.53,185.93,25.01,38.56,1468.6,10.24
3227,6918,39.4,63.9,36.1,100.37,184.98,24.97,38.61,1456.2,9.08
3228,6916,39.3,64.0,36.0,101.20,185.26,24.63,39.05,1440.4,9.14
3229,6914,39.2,64.1,35.9,100.93,186.27,26.14,40.48,1418.4,10.58
3230,6912,39.1,64.2,35.8,100.99,185.46,25.01,40.59,1404.8,11.03
3231,6910,39.0,64.2,35.8,101.77,186.10,24.85,39.21,1406.8,10.25
3232,6908,38.9,64.3,35.7,101.80,185.50,25.20,40.64,1379.7,10.43
3233,6906,38.8,64.4,35.6,101.03,185.00,24.74,40.59,1373.0,9.02
3234,6904,38.7,64.5,35.5,101.63,185.81,25.32,40.35,1384.9,9.95
3235,6902,38.6,64.6,35.4,101.68,185.89,24.83,40.78,1345.8,9.88
3236,6899,38.5,64.7,35.3,100.88,185.67,24.70,39.28,1319.2,9.18
3237,6897,38.5,64.7,35.3,101.58,185.42,25.10,40.55,1317.5,10.29
3238,6895,38.4,64.8,35.2,101.77,185.48,25.29,38.67,1299.0,9.72
3239,6893,38.3,64.9,35.1,100.40,184.36,24.66,38.59,1273.3,9.12
3240,6891,38.2,65.0,35.0,101.52,185.43,25.21,39.90,1268.5,9.26
3241,6889,38.1,65.1,34.9,101.58,185.57,24.88,40.56,1284.3,10.13
3242,6887,38.0,65.2,34.8,101.13,184.82,24.54,42.36,1282.8,10.28
3243,6885,37.9,65.2,34.8,101.63,185.45,25.12,40.65,1198.1,10.12
3244,6882,37.8,65.3,34.7,100.96,184.61,24.27,38.79,1207.1,10.69
3245,6880,37.7,65.4,34.6,101.55,184.44,24.95,40.20,1177.3,9.26
3246,6878,37.6,65.5,34.5,101.38,185.06,24.70,39.92,1189.0,10.49
3247,6876,37.5,65.6,34.4,101.47,185.07,24.44,38.93,1171.1,9.74
3248,6874,37.5,65.7,34.3,101.19,184.23,25.64,43.75,1169.4,10.55
3249,6872,37.4,65.7,34.3,101.68,185.02,24.85,40.37,1134.2,9.59
3250,6870,37.3,65.8,34.2,100.92,184.30,24.47,39.51,1119.2,9.85
3251,6868,37.2,65.9,34.1,101.63,184.44,25.72,39.69,1129.5,9.47
3252,6865,37.1,66.0,34.0,101.64,184.92,25.12,40.72,1110.7,8.18
3253,6863,37.0,66.1,33.9,101.50,184.58,25.05,39.80,1077.6,9.43
3254,6861,36.9,66.2,33.8,101.77,185.02,24.97,38.27,1086.8,10.08
3255,6859,36.8,66.2,33.8,101.07,184.26,25.06,41.56,1061.7,9.18
3256,6857,36.7,66.3,33.7,101.09,184.33,25.78,40.01,1036.2,9.78
3257,6855,36.6,66.4,33.6,100.34,183.62,23.84,40.97,1026.3,8.61
3258,6853,36.5,66.5,33.5,101.19,183.93,24.54,40.98,1016.7,9.48
3259,6851,36.5,66.6,33.4,102.08,185.69,25.67,40.16,1011.5,7.79
3260,6848,36.4,66.7,33.3,101.56,184.23,25.25,39.43,977.1,9.26
3261,6846,36.3,66.7,33.3,101.58,184.08,24.37,38.48,972.8,9.63
3262,6844,36.2,66.8,33.2,101.49,184.30,24.41,39.23,957.5,9.22
3263,6842,36.1,66.9,33.1,101.48,184.43,25.60,38.85,950.1,9.53
3264,6840,36.0,67.0,33.0,100.73,183.70,24.79,40.16,931.0,9.90
3265,6838,35.9,67.1,32.9,101.41,183.78,24.99,41.83,921.1,9.34
3266,6836,35.8,67.2,32.8,101.08,183.63,25.72,40.26,907.5,9.60
3267,6834,35.7,67.2,32.8,101.58,183.70,25.63,41.62,886.5,9.27
3268,6832,35.6,67.3,32.7,100.83,183.25,24.97,39.84,866.7,9.44
3269,6829,35.5,67.4,32.6,101.39,184.32,25.14,38.62,846.5,10.36
3270,6827,35.5,67.5,32.5,101.22,183.29,24.85,41.81,838.1,7.79
3271,6825,35.4,67.6,32.4,100.64,183.35,25.96,41.06,806.4,10.39
3272,6823,35.3,67.7,32.3,101.40,183.89,25.31,39.41,810.8,9.35
3273,6821,35.2,67.7,32.3,101.38,183.48,25.16,39.52,806.4,9.18
3274,6819,35.1,67.8,32.2,101.28,183.14,26.21,41.08,788.5,9.32
3275,6817,35.0,67.9,32.1,101.20,182.77,23.89,41.03,777.2,9.65
3276,6815,34.9,68.0,32.0,101.24,183.23,24.11,39.64,748.9,8.62
3277,6812,34.8,68.1,31.9,101.46,183.58,24.81,42.38,763.0,9.90
3278,6810,34.7,68.2,31.8,101.10,183.15,25.60,41.51,723.1,9.54
3279,6808,34.6,68.2,31.8,100.73,182.80,24.25,40.07,736.3,10.21
3280,6806,34.5,68.3,31.7,100.60,182.97,25.08,36.99,720.3,9.19
3281,6804,34.5,68.4,31.6,101.30,183.08,24.77,39.48,717.8,8.83
3282,6802,34.4,68.5,31.5,100.81,182.22,24.77,40.51,728.9,9.81
3283,6800,34.3,68.6,31.4,101.42,183.50,25.10,41.28,726.7,9.46
3284,6798,34.2,68.7,31.3,101.75,183.29,24.57,37.24,727.6,9.44
3285,6795,34.1,68.7,31.3,101.59,183.52,25.05,37.86,730.8,8.06
3286,6793,34.0,68.8,31.2,101.37,183.04,24.91,39.06,713.6,8.24
3287,6791,33.9,68.9,31.1,101.78,183.87,24.54,37.02,715.0,7.94
3288,6789,33.8,69.0,31.0,101.30,183.16,25.24,40.46,730.3,9.22
3289,6787,33.7,69.1,30.9,100.91,182.47,25.70,38.42,726.0,10.51
3290,6785,33.6,69.2,30.8,100.73,182.01,24.90,38.43,736.7,8.70
3291,6783,33.5,69.2,30.8,101.23,182.60,24.57,37.76,737.0,9.13
3292,6781,33.5,69.3,30.7,101.84,183.61,25.29,39.77,717.7,9.67
3293,6778,33.4,69.4,30.6,102.53,184.02,24.32,37.73,719.2,8.29
3294,6776,33.3,69.5,30.5,101.26,182.92,25.89,40.78,717.0,9.15
3295,6774,33.2,69.6,30.4,100.74,182.07,25.03,41.97,719.2,9.86
3296,6772,33.1,69.7,30.3,101.29,181.79,25.28,40.70,708.5,9.26
3297,6770,33.0,69.7,30.3,101.89,182.60,24.96,39.63,719.6,9.73
3298,6768,32.9,69.8,30.2,100.57,182.21,25.69,39.79,706.2,9.47
3299,6766,32.8,69.9,30.1,101.73,183.17,24.77,37.58,711.0,8.45
3300,6764,32.7,70.0,30.0,101.01,181.80,25.36,38.81,721.5,9.33
3301,6762,32.6,70.1,29.9,101.86,182.46,24.27,37.53,714.3,9.51
3302,6759,32.5,70.2,29.8,101.33,182.30,24.87,39.75,720.6,8.73
3303,6757,32.5,70.2,29.8,101.48,181.88,24.68,39.86,713.9,9.18
3304,6755,32.4,70.3,29.7,100.84,180.93,25.24,39.10,717.7,9.02
3305,6753,32.3,70.4,29.6,100.96,182.11,25.29,39.15,718.3,8.80
3306,6751,32.2,70.5,29.5,101.76,182.35,25.28,38.35,726.1,7.90
3307,6749,32.1,70.6,29.4,101.17,181.93,24.57,40.76,715.5,9.49
3308,6747,32.0,70.7,29.3,101.15,181.61,24.45,39.38,713.3,9.35
3309,6745,31.9,70.7,29.3,100.73,180.90,24.77,39.26,719.6,9.00
3310,6742,31.8,70.8,29.2,101.65,181.71,25.07,37.36,717.2,8.79
3311,6740,31.7,70.9,29.1,101.13,181.59,25.12,38.34,693.7,9.06
3312,6738,31.6,71.0,29.0,101.36,181.34,24.73,39.34,721.1,8.78
3313,6736,31.5,71.1,28.9,101.57,181.85,25.26,38.52,724.5,8.48
3314,6734,31.5,71.2,28.8,101.31,181.17,25.84,40.21,715.5,8.22
3315,6732,31.4,71.2,28.8,101.40,181.88,24.87,40.11,714.2,9.54
3316,6730,31.3,71.3,28.7,100.61,180.90,25.32,38.54,720.3,8.85
3317,6728,31.2,71.4,28.6,101.35,181.49,24.58,38.58,705.7,9.22
3318,6725,31.1,71.5,28.5,100.19,180.04,25.25,39.17,711.8,8.62
3319,6723,31.0,71.6,28.4,101.70,181.73,25.00,39.56,706.2,8.78
3320,6721,30.9,71.7,28.3,101.42,181.65,25.86,41.18,717.7,9.25
3321,6719,30.8,71.7,28.3,101.15,180.22,24.58,39.68,718.4,9.62
3322,6717,30.7,71.8,28.2,101.40,181.55,24.83,36.95,706.0,8.61
3323,6715,30.6,71.9,28.1,101.25,180.93,24.91,41.94,709.1,8.48
3324,6713,30.5,72.0,28.0,101.19,180.72,24.70,37.08,704.3,9.14
3325,6711,30.5,72.1,27.9,101.25,180.95,24.06,38.05,701.3,9.15
3326,6708,30.4,72.2,27.8,100.72,180.08,25.43,39.47,702.8,9.43
3327,6706,30.3,72.2,27.8,101.30,180.88,25.26,41.22,715.3,8.75
3328,6704,30.2,72.3,27.7,101.26,180.40,25.43,38.79,712.5,8.78
3329,6702,30.1,72.4,27.6,101.15,180.64,24.97,38.99,699.9,9.37
3330,6700,30.0,72.5,27.5,101.45,181.00,25.13,40.60,700.3,9.34
3331,6698,29.9,72.6,27.4,101.34,180.78,25.54,42.39,709.2,9.16
3332,6696,29.8,72.7,27.3,101.36,180.08,25.35,38.10,706.7,8.16
3333,6694,29.7,72.7,27.3,101.49,180.70,25.45,41.50,717.9,9.65
3334,6692,29.6,72.8,27.2,101.07,180.44,25.26,38.48,704.6,8.81
3335,6689,29.5,72.9,27.1,101.38,180.65,24.41,39.38,718.1,9.26
3336,6687,29.5,73.0,27.0,101.34,180.50,25.22,40.58,702.1,9.69
3337,6685,29.4,73.1,26.9,101.13,180.13,25.39,39.49,698.8,8.72
3338,6683,29.3,73.2,26.8,101.37,180.26,24.04,37.56,707.9,7.73
3339,6681,29.2,73.2,26.8,101.35,179.62,25.07,38.82,699.4,9.48
3340,6679,29.1,73.3,26.7,101.45,179.72,24.53,36.10,707.0,8.79
3341,6677,29.0,73.4,26.6,101.60,180.97,25.45,42.09,705.6,8.58
3342,6675,28.9,73.5,26.5,101.85,181.00,25.22,40.22,708.4,7.31
3343,6672,28.8,73.6,26.4,101.34,180.06,25.11,40.80,689.4,8.81
3344,6670,28.7,73.7,26.3,101.24,180.02,25.51,38.54,687.3,7.51
3345,6668,28.6,73.7,26.3,101.02,180.07,25.13,40.89,708.1,9.49
3346,6666,28.5,73.8,26.2,101.77,180.34,24.79,38.81,697.7,9.07
3347,6664,28.5,73.9,26.1,101.02,179.74,26.30,41.40,696.5,8.23
3348,6662,28.4,74.0,26.0,101.60,180.31,24.56,39.27,702.7,8.63
3349,6660,28.3,74.1,25.9,101.63,179.78,24.54,41.78,695.6,8.40
3350,6658,28.2,74.2,25.8,101.30,179.29,25.79,40.18,697.8,8.03
3351,6655,28.1,74.2,25.8,101.29,179.65,24.98,35.26,684.1,8.80
3352,6653,28.0,74.3,25.7,101.42,179.72,25.79,40.00,707.9,9.98
3353,6651,27.9,74.4,25.6,101.60,179.51,25.43,41.30,689.9,9.61
3354,6649,27.8,74.5,25.5,102.08,180.06,25.01,39.39,705.3,8.70
3355,6647,27.7,74.6,25.4,101.58,179.77,25.37,38.78,700.3,8.88
3356,6645,27.6,74.7,25.3,101.54,179.64,24.91,39.24,681.3,9.20
3357,6643,27.5,74.7,25.3,101.43,179.21,25.24,39.19,691.7,9.04
3358,6641,27.5,74.8,25.2,101.11,179.33,24.79,36.32,701.5,8.79
3359,6638,27.4,74.9,25.1,100.79,178.72,24.28,37.63,698.5,8.79
3360,6636,27.3,75.0,25.0,101.34,179.04,25.51,41.52,696.2,8.40
3361,6634,27.2,75.1,24.9,101.26,179.11,24.55,38.30,684.6,8.66
3362,6632,27.1,75.2,24.8,101.17,178.85,25.43,37.59,689.7,8.66
3363,6630,27.0,75.2,24.8,101.40,179.07,25.16,37.18,701.7,7.63
3364,6628,26.9,75.3,24.7,100.88,178.30,25.24,39.04,699.9,8.67
3365,6626,26.8,75.4,24.6,101.45,179.42,24.83,39.88,704.1,9.33
3366,6624,26.7,75.5,24.5,100.90,178.76,25.48,38.17,684.9,7.44
3367,6622,26.6,75.6,24.4,100.66,178.94,25.22,39.54,692.2,8.42
3368,6619,26.5,75.7,24.3,101.36,179.19,25.06,40.21,685.4,9.70
3369,6617,26.5,75.7,24.3,101.25,178.95,24.71,37.40,687.0,8.98
3370,6615,26.4,75.8,24.2,101.99,179.78,24.68,36.21,692.6,7.99
3371,6613,26.3,75.9,24.1,101.31,178.59,24.74,38.35,680.3,8.53
3372,6611,26.2,76.0,24.0,101.21,179.11,24.96,39.65,685.9,8.49
3373,6609,26.1,76.1,23.9,101.01,177.70,24.73,39.47,698.7,8.42
3374,6607,26.0,76.2,23.8,101.64,179.14,25.29,39.73,680.5,8.93
3375,6605,25.9,76.2,23.8,100.47,177.85,24.73,38.78,690.9,6.94
3376,6602,25.8,76.3,23.7,100.84,178.28,25.18,38.53,691.3,9.14
3377,6600,25.7,76.4,23.6,101.22,178.05,25.13,37.99,681.1,9.47
3378,6598,25.6,76.5,23.5,100.75,177.48,25.42,39.08,683.5,7.82
3379,6596,25.5,76.6,23.4,100.78,177.91,25.16,38.31,690.1,8.59
3380,6594,25.5,76.7,23.3,101.56,178.81,24.56,38.00,692.2,7.95
3381,6592,25.4,76.7,23.3,101.64,178.59,24.84,36.94,683.0,8.93
3382,6590,25.3,76.8,23.2,101.57,178.19,24.12,37.90,675.5,8.38
3383,6588,25.2,76.9,23.1,101.54,177.96,25.43,39.07,688.1,7.45
3384,6585,25.1,77.0,23.0,101.77,178.86,25.59,39.56,685.1,8.18
3385,6583,25.0,77.1,22.9,101.09,177.65,24.88,39.47,668.9,8.65
3386,6581,24.9,77.2,22.8,101.29,177.77,24.74,38.15,685.8,8.61
3387,6579,24.8,77.2,22.8,100.90,177.86,24.54,38.09,666.5,8.79
3388,6577,24.7,77.3,22.7,100.74,177.53,25.54,39.22,679.8,8.02
3389,6575,24.6,77.4,22.6,101.35,177.19,24.87,38.21,676.8,9.38
3390,6573,24.5,77.5,22.5,101.31,177.95,24.85,40.12,673.7,7.49
3391,6571,24.5,77.6,22.4,100.84,176.93,24.26,39.40,681.2,8.05
3392,6568,24.4,77.7,22.3,101.05,177.50,25.22,38.00,664.7,9.16
3393,6566,24.3,77.7,22.3,101.13,177.54,25.87,40.52,678.0,8.26
3394,6564,24.2,77.8,22.2,101.32,177.64,24.98,38.20,685.0,8.43
3395,6562,24.1,77.9,22.1,101.47,178.03,25.28,39.74,678.8,8.06
3396,6560,24.0,78.0,22.0,100.97,176.92,25.15,38.87,674.3,9.66
3397,6558,23.9,78.1,21.9,101.59,177.92,25.49,39.46,686.3,7.19
3398,6556,23.8,78.2,21.8,101.29,176.74,26.28,41.07,672.0,8.69
3399,6554,23.7,78.2,21.8,101.40,177.72,25.07,38.68,674.3,7.88
3400,6552,23.6,78.3,21.7,101.45,177.57,25.79,40.66,664.8,7.62
3401,6549,23.5,78.4,21.6,101.17,176.86,25.22,38.29,676.1,8.17
3402,6547,23.5,78.5,21.5,101.81,177.47,24.95,39.12,676.6,7.94
3403,6545,23.4,78.6,21.4,101.36,177.25,24.38,40.11,689.3,7.91
3404,6543,23.3,78.7,21.3,101.38,177.28,23.96,38.07,673.1,7.54
3405,6541,23.2,78.7,21.3,100.51,176.50,25.97,40.06,678.8,8.32
3406,6539,23.1,78.8,21.2,101.15,177.18,25.39,39.27,674.5,7.99
3407,6537,23.0,78.9,21.1,101.13,176.94,24.46,37.97,672.8,9.32
3408,6535,22.9,79.0,21.0,100.75,176.28,25.16,39.69,685.2,8.68
3409,6532,22.8,79.1,20.9,101.24,176.91,24.70,40.21,675.8,8.78
3410,6530,22.7,79.2,20.8,101.37,177.06,25.17,36.65,671.6,7.56
3411,6528,22.6,79.2,20.8,101.28,177.04,25.30,38.86,663.0,8.87
3412,6526,22.5,79.3,20.7,101.10,176.59,25.15,38.16,670.0,7.97
3413,6524,22.5,79.4,20.6,101.21,176.31,24.19,37.55,680.0,8.03
3414,6522,22.4,79.5,20.5,101.33,176.56,24.69,39.43,681.8,7.46
3415,6520,22.3,79.6,20.4,100.35,175.61,25.23,39.82,675.2,8.00
3416,6518,22.2,79.7,20.3,101.24,176.34,25.20,37.21,677.1,8.23
3417,6515,22.1,79.7,20.3,101.27,176.66,24.67,40.38,660.4,7.43
3418,6513,22.0,79.8,20.2,101.18,176.53,25.59,38.69,675.4,7.96
3419,6511,21.9,79.9,20.1,100.99,176.15,24.47,37.62,657.0,7.37
3420,6509,21.8,80.0,20.0,101.52,176.30,24.52,38.70,661.3,7.79
3421,6507,21.7,80.1,19.9,101.35,176.61,25.47,36.06,670.8,8.84
3422,6505,21.6,80.2,19.8,101.43,176.18,24.58,39.09,665.3,7.90
3423,6503,21.5,80.2,19.8,101.71,176.62,25.27,38.40,665.1,8.06
3424,6501,21.5,80.3,19.7,100.94,175.65,24.77,36.57,659.9,8.31
3425,6498,21.4,80.4,19.6,101.23,176.13,24.12,38.87,668.1,9.25
3426,6496,21.3,80.5,19.5,101.34,176.21,24.94,39.63,664.4,7.57
3427,6494,21.2,80.6,19.4,100.84,175.70,24.95,38.15,670.1,7.20
3428,6492,21.1,80.7,19.3,101.45,175.90,25.29,38.40,670.0,8.21
3429,6490,21.0,80.7,19.3,101.85,175.83,24.46,36.25,655.9,7.17
3430,6488,20.9,80.8,19.2,100.75,175.32,24.68,38.44,653.0,8.00
3431,6486,20.8,80.9,19.1,101.34,175.65,24.67,38.21,665.4,7.49
3432,6484,20.7,81.0,19.0,101.54,175.46,24.65,35.77,661.9,7.23
3433,6482,20.6,81.1,18.9,100.77,175.36,24.36,41.28,662.9,7.85
3434,6479,20.5,81.2,18.8,101.14,175.17,25.61,40.69,659.0,7.83
3435,6477,20.5,81.2,18.8,100.99,174.89,25.08,36.40,658.9,7.30
3436,6475,20.4,81.3,18.7,101.28,175.36,24.75,38.59,661.3,8.09
3437,6473,20.3,81.4,18.6,101.34,175.06,26.03,38.77,660.3,8.25
3438,6471,20.2,81.5,18.5,101.49,175.18,25.06,36.97,652.9,7.18
3439,6469,20.1,81.6,18.4,100.85,174.70,25.14,38.97,667.5,8.37
3440,6467,20.0,81.7,18.3,101.97,175.82,25.05,37.50,664.4,8.66
3441,6465,19.9,81.7,18.3,101.74,175.47,25.19,37.57,664.9,7.78
3442,6462,19.8,81.8,18.2,101.27,175.21,24.87,36.59,648.8,7.47
3443,6460,19.7,81.9,18.1,101.47,175.26,25.17,35.46,676.1,7.21
3444,6458,19.6,82.0,18.0,101.24,174.97,24.83,40.13,652.5,7.31
3445,6456,19.5,82.1,17.9,101.69,175.45,25.30,40.07,650.0,8.05
3446,6454,19.5,82.2,17.8,101.61,175.28,24.77,37.58,656.0,8.21
3447,6452,19.4,82.2,17.8,101.86,175.22,24.85,40.17,646.2,8.11
3448,6450,19.3,82.3,17.7,101.43,174.55,25.09,37.90,652.0,7.70
3449,6448,19.2,82.4,17.6,100.52,174.15,25.71,39.00,653.2,8.20
3450,6445,19.1,82.5,17.5,101.33,174.96,25.45,37.69,646.0,8.39
3451,6443,19.0,82.6,17.4,101.46,174.82,24.78,37.25,639.3,7.91
3452,6441,18.9,82.7,17.3,100.83,173.67,24.87,37.65,653.6,9.13
3453,6439,18.8,82.7,17.3,101.33,174.51,25.64,39.38,660.7,8.17
3454,6437,18.7,82.8,17.2,102.09,175.54,25.17,39.74,650.6,6.98
3455,6435,18.6,82.9,17.1,102.12,174.90,25.27,38.74,655.3,7.89
3456,6433,18.5,83.0,17.0,101.78,174.84,24.50,36.00,640.8,8.24
3457,6431,18.5,83.1,16.9,100.85,174.64,24.95,37.91,657.5,8.08
3458,6428,18.4,83.2,16.8,100.98,173.94,24.34,36.82,651.9,7.17
3459,6426,18.3,83.2,16.8,101.74,174.95,24.41,38.30,656.1,8.25
3460,6424,18.2,83.3,16.7,101.92,174.55,25.27,39.60,650.7,7.54
3461,6422,18.1,83.4,16.6,101.51,174.49,25.70,39.00,652.1,6.79
3462,6420,18.0,83.5,16.5,101.73,173.72,24.34,38.31,645.6,7.96
3463,6418,17.9,83.6,16.4,101.44,174.82,24.47,38.76,644.2,7.25
3464,6416,17.8,83.7,16.3,100.56,173.29,24.95,38.06,657.8,8.00
3465,6414,17.7,83.7,16.3,101.13,174.31,24.77,37.02,642.6,7.25
3466,6412,17.6,83.8,16.2,101.24,173.97,25.96,40.52,645.5,8.20
3467,6409,17.5,83.9,16.1,101.30,174.15,25.55,37.79,653.7,6.63
3468,6407,17.5,84.0,16.0,101.21,173.60,24.40,38.88,646.6,8.88
3469,6405,17.4,84.1,15.9,101.19,174.03,25.57,40.15,644.4,7.46
3470,6403,17.3,84.2,15.8,100.92,173.80,24.47,38.17,649.5,8.17
3471,6401,17.2,84.2,15.8,100.94,173.51,25.70,38.10,642.9,8.70
3472,6399,17.1,84.3,15.7,101.45,173.65,25.43,37.46,649.6,7.83
3473,6397,17.0,84.4,15.6,101.21,173.26,24.40,37.44,654.5,7.33
3474,6395,16.9,84.5,15.5,100.03,172.95,25.35,38.16,645.6,8.06
3475,6392,16.8,84.6,15.4,100.63,173.02,25.50,38.28,641.8,7.19
3476,6390,16.7,84.7,15.3,100.85,172.88,23.90,37.16,634.1,8.44
3477,6388,16.6,84.7,15.3,101.39,173.63,24.97,39.60,645.2,7.17
3478,6386,16.5,84.8,15.2,100.83,173.18,25.52,38.59,645.4,8.02
3479,6384,16.5,84.9,15.1,101.78,173.70,25.47,40.71,654.9,6.17
3480,6382,16.4,85.0,15.0,102.12,173.75,24.84,37.23,637.0,8.11
3481,6380,16.3,85.1,14.9,101.78,173.65,25.18,40.09,628.2,7.28
3482,6378,16.2,85.2,14.8,100.91,173.06,24.86,36.54,653.8,7.90
3483,6375,16.1,85.2,14.8,100.99,172.98,25.01,39.42,644.9,8.77
3484,6373,16.0,85.3,14.7,101.60,172.84,25.09,37.52,647.2,7.59
3485,6371,15.9,85.4,14.6,101.55,173.82,26.32,41.11,640.2,7.24
3486,6369,15.8,85.5,14.5,101.56,173.16,26.32,40.26,624.9,6.90
3487,6367,15.7,85.6,14.4,101.63,173.66,25.00,37.45,628.3,7.59
3488,6365,15.6,85.7,14.3,100.89,172.04,25.56,37.04,636.3,6.94
3489,6363,15.5,85.7,14.3,101.50,173.24,25.22,36.81,645.0,7.80
3490,6361,15.5,85.8,14.2,101.09,172.61,24.48,36.54,627.7,6.60
3491,6358,15.4,85.9,14.1,101.12,172.75,25.27,35.36,647.2,8.16
3492,6356,15.3,86.0,14.0,100.79,172.95,24.90,37.44,641.6,7.51
3493,6354,15.2,86.1,13.9,101.36,173.16,24.48,37.45,628.7,6.44
3494,6352,15.1,86.2,13.8,101.08,172.28,25.42,37.59,631.3,7.93
3495,6350,15.0,86.2,13.8,101.99,173.23,26.22,37.48,639.0,8.99
3496,6348,14.9,86.3,13.7,100.96,172.50,25.15,37.63,630.6,7.00
3497,6346,14.8,86.4,13.6,101.70,172.79,24.81,37.93,632.9,6.46
3498,6344,14.7,86.5,13.5,101.53,172.68,25.10,35.26,625.3,6.57
3499,6342,14.6,86.6,13.4,101.33,172.42,25.02,40.66,633.5,6.90
3500,6339,14.5,86.7,13.3,101.45,172.71,25.30,38.44,628.3,6.92
3501,6337,14.5,86.7,13.3,101.25,172.30,24.41,37.23,630.6,7.04
3502,6335,14.4,86.8,13.2,101.67,172.64,25.03,38.31,627.8,6.39
3503,6333,14.3,86.9,13.1,101.52,172.42,24.65,38.87,624.3,7.58
3504,6331,14.2,87.0,13.0,101.54,172.51,24.66,37.50,632.6,7.64
3505,6329,14.1,87.1,12.9,101.43,172.50,25.40,38.13,633.3,6.43
3506,6327,14.0,87.2,12.8,101.62,172.41,24.51,37.80,628.7,7.73
3507,6325,13.9,87.2,12.8,101.50,172.40,26.13,38.63,623.6,7.81
3508,6322,13.8,87.3,12.7,100.95,171.70,25.12,36.22,620.9,7.30
3509,6320,13.7,87.4,12.6,101.90,172.49,25.82,35.94,634.3,7.88
3510,6318,13.6,87.5,12.5,101.53,172.09,24.55,37.00,634.8,7.02
3511,6316,13.5,87.6,12.4,101.41,171.95,25.25,36.54,628.6,7.06
3512,6314,13.5,87.7,12.3,100.93,171.84,24.88,35.41,638.6,6.58
3513,6312,13.4,87.7,12.3,101.26,172.20,24.46,35.92,636.7,7.07
3514,6310,13.3,87.8,12.2,101.41,171.78,24.43,37.18,627.3,7.13
3515,6308,13.2,87.9,12.1,101.32,172.25,25.43,38.18,624.6,7.27
3516,6305,13.1,88.0,12.0,101.29,171.66,25.05,36.08,618.5,7.21
3517,6303,13.0,88.1,11.9,101.61,172.37,25.34,38.11,633.0,6.26
3518,6301,12.9,88.2,11.8,101.37,171.11,25.58,38.58,621.4,7.65
3519,6299,12.8,88.2,11.8,100.51,171.12,24.47,35.77,625.8,7.64
3520,6297,12.7,88.3,11.7,101.08,171.16,24.70,38.80,638.6,6.15
3521,6295,12.6,88.4,11.6,100.85,171.24,24.91,36.74,628.5,7.10
3522,6293,12.5,88.5,11.5,101.26,171.14,25.30,38.18,623.2,7.47
3523,6291,12.5,88.6,11.4,101.58,171.28,24.83,37.41,616.6,7.03
3524,6288,12.4,88.7,11.3,101.92,171.98,24.55,36.29,621.2,7.74
3525,6286,12.3,88.7,11.3,101.88,171.89,25.57,39.41,628.9,7.89
3526,6284,12.2,88.8,11.2,101.55,171.01,25.99,38.25,623.9,7.27
3527,6282,12.1,88.9,11.1,101.44,171.11,24.82,37.74,625.8,6.66
3528,6280,12.0,89.0,11.0,101.23,171.07,25.26,38.85,624.0,7.02
3529,6278,11.9,89.1,10.9,100.96,170.50,24.85,38.66,603.9,6.17
3530,6276,11.8,89.2,10.8,101.51,171.38,24.55,36.28,620.6,7.56
3531,6274,11.7,89.2,10.8,101.21,171.29,24.77,39.15,619.3,7.07
3532,6272,11.6,89.3,10.7,100.47,169.91,25.16,35.02,617.9,7.05
3533,6269,11.5,89.4,10.6,101.30,170.57,24.98,35.26,614.6,5.98
3534,6267,11.5,89.5,10.5,100.93,170.25,25.24,35.66,618.6,7.16
3535,6265,11.4,89.6,10.4,101.05,170.60,24.81,35.80,615.5,7.33
3536,6263,11.3,89.7,10.3,101.52,170.87,24.39,38.18,620.9,6.72
3537,6261,11.2,89.7,10.3,100.79,170.15,24.67,37.42,621.4,6.34
3538,6259,11.1,89.8,10.2,100.94,170.71,24.89,37.57,620.9,6.29
3539,6257,11.0,89.9,10.1,101.42,170.66,24.88,34.85,621.1,7.51
3540,6255,10.9,90.0,10.0,101.29,170.52,24.76,37.04,609.8,7.28
3541,6252,10.8,90.1,9.9,100.30,168.95,25.77,38.92,613.1,6.55
3542,6250,10.7,90.2,9.8,101.66,171.06,24.59,38.59,608.5,6.82
3543,6248,10.6,90.2,9.8,100.99,170.28,24.70,36.63,620.6,7.40
3544,6246,10.5,90.3,9.7,101.45,170.73,25.76,38.76,615.8,6.44
3545,6244,10.5,90.4,9.6,101.66,170.56,25.23,36.36,619.2,6.57
3546,6242,10.4,90.5,9.5,101.72,169.85,24.77,36.82,622.8,6.29
3547,6240,10.3,90.6,9.4,101.62,170.42,24.90,38.34,612.9,6.39
3548,6238,10.2,90.7,9.3,101.81,170.66,24.87,35.67,617.4,6.37
3549,6235,10.1,90.7,9.3,101.50,170.87,25.48,36.18,616.1,6.19
3550,6233,10.0,90.8,9.2,101.66,170.08,24.89,36.63,612.2,5.97
3551,6231,9.9,90.9,9.1,101.14,170.09,26.32,38.92,617.6,5.74
3552,6229,9.8,91.0,9.0,101.49,169.89,24.52,37.48,622.8,6.30
3553,6227,9.7,91.1,8.9,101.54,170.38,25.08,37.32,621.0,6.99
3554,6225,9.6,91.2,8.8,101.74,170.41,25.48,38.01,610.8,6.64
3555,6223,9.5,91.2,8.8,100.74,169.39,24.86,36.79,609.9,6.35
3556,6221,9.5,91.3,8.7,100.97,169.54,24.83,37.31,612.8,6.92
3557,6218,9.4,91.4,8.6,101.57,170.06,24.75,38.21,618.6,6.50
3558,6216,9.3,91.5,8.5,101.94,170.19,24.85,37.56,599.9,6.93
3559,6214,9.2,91.6,8.4,101.75,170.02,25.75,38.69,618.1,7.57
3560,6212,9.1,91.7,8.3,101.80,170.26,24.35,36.40,617.2,5.32
3561,6210,9.0,91.7,8.3,102.02,170.00,24.71,37.46,618.4,5.95
3562,6208,8.9,91.8,8.2,101.05,169.15,24.70,38.44,616.0,6.46
3563,6206,8.8,91.9,8.1,100.81,169.02,25.76,38.10,607.7,6.90
3564,6204,8.7,92.0,8.0,101.33,169.89,24.44,36.88,598.6,6.43
3565,6202,8.6,92.1,7.9,101.30,169.35,24.60,35.64,612.8,6.93
3566,6199,8.5,92.2,7.8,101.03,169.09,25.34,39.63,597.6,6.20
3567,6197,8.5,92.2,7.8,100.60,168.60,25.43,38.81,601.0,6.80
3568,6195,8.4,92.3,7.7,102.08,170.11,25.39,37.11,593.4,6.57
3569,6193,8.3,92.4,7.6,102.08,169.66,24.33,36.95,601.9,6.14
3570,6191,8.2,92.5,7.5,101.53,169.61,25.10,40.08,611.8,6.97
3571,6189,8.1,92.6,7.4,101.69,169.11,25.35,37.80,610.4,6.77
3572,6187,8.0,92.7,7.3,101.29,169.91,25.64,38.48,613.5,6.58
3573,6185,7.9,92.7,7.3,100.97,168.59,25.10,38.25,595.5,5.98
3574,6182,7.8,92.8,7.2,100.47,167.97,25.75,38.02,606.6,6.15
3575,6180,7.7,92.9,7.1,101.96,169.81,24.90,36.48,610.1,5.38
3576,6178,7.6,93.0,7.0,100.90,168.52,24.74,35.34,615.7,6.84
3577,6176,7.5,93.1,6.9,101.32,168.81,25.44,35.74,600.3,6.79
3578,6174,7.5,93.2,6.8,101.69,169.53,24.36,37.19,587.3,6.61
3579,6172,7.4,93.2,6.8,100.85,168.24,25.23,40.14,604.9,5.53
3580,6170,7.3,93.3,6.7,101.27,168.52,24.08,37.84,598.1,6.33
3581,6168,7.2,93.4,6.6,101.31,168.57,24.85,36.82,600.2,6.22
3582,6165,7.1,93.5,6.5,101.12,168.23,24.57,36.65,596.8,6.15
3583,6163,7.0,93.6,6.4,101.56,168.36,25.11,36.23,602.5,7.53
3584,6161,6.9,93.7,6.3,101.22,168.81,25.38,36.47,590.8,6.34
3585,6159,6.8,93.7,6.3,100.92,168.15,24.21,38.27,592.1,6.64
3586,6157,6.7,93.8,6.2,101.71,169.25,25.02,38.31,588.7,6.58
3587,6155,6.6,93.9,6.1,100.82,168.27,25.19,36.11,595.3,6.72
3588,6153,6.5,94.0,6.0,101.17,168.18,24.65,36.28,591.4,5.55
3589,6151,6.5,94.1,5.9,101.42,168.69,25.13,38.74,586.9,6.37
3590,6148,6.4,94.2,5.8,101.29,167.58,24.75,34.56,594.0,6.05
3591,6146,6.3,94.2,5.8,100.79,167.33,24.40,37.13,591.4,5.85
3592,6144,6.2,94.3,5.7,100.99,168.31,24.26,35.05,605.2,6.52
3593,6142,6.1,94.4,5.6,101.37,167.77,25.06,37.69,602.0,6.35
3594,6140,6.0,94.5,5.5,101.44,168.04,25.64,38.78,586.6,5.00
3595,6138,5.9,94.6,5.4,100.73,167.27,24.41,34.18,597.6,5.95
3596,6136,5.8,94.7,5.3,101.56,168.06,25.77,37.95,598.8,6.45
3597,6134,5.7,94.7,5.3,101.24,166.89,25.19,36.71,599.9,6.45
3598,6132,5.6,94.8,5.2,100.43,166.79,25.39,36.98,580.0,6.80
3599,6129,5.5,94.9,5.1,101.51,168.22,24.43,36.73,592.3,4.99
3600,6127,5.5,95.0,5.0,101.37,167.41,25.22,36.83,593.9,5.32
3601,6125,5.4,95.1,4.9,101.22,167.49,24.26,33.52,596.5,5.98
3602,6123,5.3,95.2,4.8,101.89,168.34,25.33,37.21,582.8,5.98
3603,6121,5.2,95.2,4.8,101.07,167.52,24.99,35.35,587.3,4.92
3604,6119,5.1,95.3,4.7,101.29,167.57,24.74,35.36,582.0,5.77
3605,6117,5.0,95.4,4.6,100.65,166.60,25.26,38.87,589.7,6.09
3606,6115,4.9,95.5,4.5,100.65,166.31,25.28,38.18,596.5,6.91
3607,6112,4.8,95.6,4.4,102.07,168.37,24.57,37.05,590.4,6.25
3608,6110,4.7,95.7,4.3,100.92,167.53,24.92,34.99,590.6,5.65
3609,6108,4.6,95.7,4.3,100.39,166.38,25.42,36.95,582.1,6.05
3610,6106,4.5,95.8,4.2,101.12,167.07,25.37,37.05,587.5,5.97
3611,6104,4.5,95.9,4.1,101.76,167.78,24.54,38.20,590.5,5.38
3612,6102,4.4,96.0,4.0,101.71,167.90,24.68,37.50,590.5,5.69
3613,6100,4.3,96.1,3.9,101.78,168.11,25.25,36.38,578.2,6.10
3614,6098,4.2,96.2,3.8,100.97,166.77,25.60,39.27,592.4,6.21
3615,6095,4.1,96.2,3.8,102.51,167.66,25.86,37.91,575.9,6.55
3616,6093,4.0,96.3,3.7,101.74,167.04,23.79,36.50,585.7,5.81
3617,6091,3.9,96.4,3.6,100.78,166.02,24.88,39.34,583.9,5.34
3618,6089,3.8,96.5,3.5,101.63,167.68,24.92,37.05,579.3,5.38
3619,6087,3.7,96.6,3.4,101.84,167.45,25.58,35.95,592.0,6.14
3620,6085,3.6,96.7,3.3,101.98,167.51,24.40,34.48,584.1,5.24
3621,6083,3.5,96.7,3.3,101.72,166.69,24.49,35.63,578.3,6.21
3622,6081,3.5,96.8,3.2,101.48,167.07,25.12,38.05,583.3,5.89
3623,6078,3.4,96.9,3.1,101.25,166.68,25.24,38.93,588.1,5.23
3624,6076,3.3,97.0,3.0,101.15,166.80,25.65,37.24,581.6,5.03
3625,6074,3.2,97.1,2.9,101.35,166.83,25.45,37.32,572.4,6.35
3626,6072,3.1,97.2,2.8,101.86,167.20,24.72,36.76,577.6,5.51
3627,6070,3.0,97.2,2.8,100.87,165.60,25.35,37.32,587.1,6.97
3628,6068,2.9,97.3,2.7,100.75,165.57,24.80,37.37,579.0,5.90
3629,6066,2.8,97.4,2.6,101.42,166.74,25.22,37.07,570.9,5.80
3630,6064,2.7,97.5,2.5,100.81,165.91,24.34,36.45,578.3,6.10
3631,6062,2.6,97.6,2.4,101.13,166.45,24.65,36.77,574.9,6.42
3632,6059,2.5,97.7,2.3,101.32,166.28,24.21,35.63,574.0,6.08
3633,6057,2.5,97.7,2.3,100.79,165.21,24.70,34.33,585.3,5.66
3634,6055,2.4,97.8,2.2,101.61,166.82,25.25,40.06,581.5,4.89
3635,6053,2.3,97.9,2.1,100.98,166.07,24.82,34.52,582.2,6.08
3636,6051,2.2,98.0,2.0,100.39,165.23,25.24,39.16,579.8,4.88
3637,6049,2.1,98.1,1.9,101.11,165.95,24.38,35.09,569.4,5.18
3638,6047,2.0,98.2,1.8,100.52,165.80,23.96,35.13,569.4,5.79
3639,6045,1.9,98.2,1.8,100.97,165.59,25.30,37.87,579.4,5.37
3640,6042,1.8,98.3,1.7,101.09,166.05,24.91,36.39,576.6,5.41
3641,6040,1.7,98.4,1.6,101.73,166.62,25.11,38.06,576.7,5.03
3642,6038,1.6,98.5,1.5,100.31,164.40,25.27,36.30,567.4,5.35
3643,6036,1.5,98.6,1.4,102.01,166.58,25.04,35.38,563.4,6.23
3644,6034,1.5,98.7,1.3,101.18,165.16,24.29,36.46,570.0,4.63
3645,6032,1.4,98.7,1.3,101.83,166.14,24.94,36.09,567.2,5.82
3646,6030,1.3,98.8,1.2,101.19,165.68,23.52,34.53,567.6,6.19
3647,6028,1.2,98.9,1.1,101.22,165.42,24.67,36.48,571.7,5.08
3648,6025,1.1,99.0,1.0,101.73,166.08,25.62,37.74,584.2,4.41
3649,6023,1.0,99.1,0.9,101.34,165.09,25.46,38.97,575.7,5.73
3650,6021,0.9,99.2,0.8,100.89,164.99,24.02,35.19,568.8,6.49
3651,6019,0.8,99.2,0.8,101.12,165.30,24.37,34.90,582.7,6.19
3652,6017,0.7,99.3,0.7,101.42,165.06,24.70,35.42,576.3,6.63
3653,6015,0.6,99.4,0.6,101.08,165.02,24.20,34.85,569.0,4.99
3654,6013,0.5,99.5,0.5,100.92,164.44,24.73,36.20,561.7,5.88
3655,6011,0.5,99.6,0.4,100.41,164.36,24.36,37.17,568.7,5.71
3656,6008,0.4,99.7,0.3,101.62,165.70,25.39,37.89,574.3,6.00
3657,6006,0.3,99.7,0.3,100.88,164.96,25.05,37.49,560.1,5.29
3658,6004,0.2,99.8,0.2,101.64,165.05,24.57,35.22,570.4,6.43
3659,6002,0.1,99.9,0.1,101.75,165.56,24.33,36.21,559.8,6.19
